"['Mazer Gaming', 'Team Empire']",May 23 18,de_mirage
"['Mazer Gaming', 'SyntheticDreamz']",May 30 18,de_train
"['Mazer Gaming', 'Thicc Sweaty Llamas']",Jun 5 18,de_train
"['Broken Alliance', 'Mazer Gaming']",Jun 6 18,de_overpass
"['Mazer Gaming', 'wat']",Jun 12 18,de_inferno
"['Mazer Gaming', 'Reality CS']",Jun 13 18,de_mirage
"['LoliBread', 'Mazer Gaming']",Jun 14 18,de_train
"['Mazer Gaming', 'Urban Assault']",Jun 14 18,de_mirage
"['Mazer Gaming', 'Never trying']",Jun 20 18,de_mirage
"['Mazer Gaming', 'Polar Ace']",Jun 25 18,de_mirage
"['Mazer Gaming', 'team w0w']",Jun 27 18,de_overpass
"['Defy Rebellion', 'Mazer Gaming']",Jun 29 18,de_mirage
"['Mazer Gaming', 'Team Texas']",Jul 6 18,de_mirage
"['Mazer Gaming', 'Midwest CSGO']",Jul 11 18,de_inferno
"['Gummy Dods', 'Mazer Gaming']",Jul 12 18,de_overpass
"['Flashpoint Gaming', 'Mazer Gaming']",Jul 20 18,de_inferno
"['Chill Town', 'Mazer Gaming']",Jul 30 18,Multiple
"['Mazer Gaming', 'No Shift Nation']",Aug 3 18,Multiple
"['Hit Squad', 'Mazer Gaming']",Aug 7 18,Multiple
"['FilthyCasuals', 'Mazer Gaming']",Aug 10 18,Multiple
"['Mazer Gaming', 'Midwest CSGO']",Aug 14 18,Multiple
"['Mazer Gaming', 'Squirtle Squad']",Aug 17 18,Multiple
"['Never trying', 'Squirtle Squad']",May 23 18,de_train
"['Squirtle Squad', 'Windex_Ninjas']",Jun 1 18,de_mirage
"['Squirtle Squad', 'Yee Yee Boys']",Jun 4 18,de_cache
"['Bad Intentions', 'Squirtle Squad']",Jun 12 18,de_mirage
"['LoS Pistoleros', 'Squirtle Squad']",Jun 13 18,de_cache
"['Falcons-GG', 'Squirtle Squad']",Jun 15 18,de_dust2
"['Decisive Esports', 'Squirtle Squad']",Jun 19 18,de_cache
"['Reality CS', 'Squirtle Squad']",Jun 21 18,de_inferno
"['Squirtle Squad', 'The Hunny Badgers']",Jun 21 18,de_cache
"['Never trying', 'Squirtle Squad']",Jun 26 18,de_mirage
"['Skyline GG', 'Squirtle Squad']",Jun 27 18,de_cache
"['BOYS ARE BACK', 'Squirtle Squad']",Jul 2 18,de_inferno
"['HellKittens', 'Squirtle Squad']",Jul 9 18,Pending Veto
"['Squirtle Squad', 'Urban Assault']",Jul 11 18,de_cache
"['Goomba Squad', 'Squirtle Squad']",Jul 13 18,de_cache
"['Squirtle Squad', 'Super Keyboard Wa...']",Jul 13 18,de_dust2
"['Squirtle Squad', 'xi']",Jul 30 18,Multiple
"['Polar Ace', 'Squirtle Squad']",Aug 3 18,Multiple
"['BzG Esports', 'Squirtle Squad']",Aug 8 18,Multiple
"['APE ESCAPE', 'Squirtle Squad']",Aug 10 18,Multiple
"['Squirtle Squad', 'Unkind eSports']",Aug 14 18,Multiple
"['Midwest CSGO', 'PAW Patrol']",May 23 18,de_overpass
"['Midwest CSGO', 'Table Flipping 5']",May 26 18,de_inferno
"['Midwest CSGO', 'TEAM NICK']",May 30 18,de_cache
"['Midwest CSGO', 'VCU CSGO']",Jun 4 18,de_inferno
"['Midwest CSGO', 'TEAM BUDSQUAD']",Jun 7 18,de_inferno
"['Hit Squad', 'Midwest CSGO']",Jun 12 18,de_inferno
"['Gentleman Dignity', 'Midwest CSGO']",Jun 13 18,de_nuke
"['Great Dango Family', 'Midwest CSGO']",Jun 14 18,de_nuke
"['Midwest CSGO', 'UC Rejects CSGO']",Jun 21 18,de_cache
"['Midwest CSGO', 'Mother Puggers']",Jun 25 18,de_mirage
"['Midwest CSGO', 'SPLEWY LEWIS n TH...']",Jun 27 18,de_nuke
"['Midwest CSGO', 'Nfinite']",Jul 2 18,de_mirage
"['Gummy Dods', 'Midwest CSGO']",Jul 4 18,de_cache
"['Defy Rebellion', 'Midwest CSGO']",Jul 12 18,de_overpass
"['Midwest CSGO', 'Team Digital Dynasty']",Jul 17 18,de_mirage
"['Doxxa', 'Midwest CSGO']",Jul 30 18,Multiple
"['Midwest CSGO', 'team w0w']",Aug 2 18,Multiple
"['Midwest CSGO', 'The Myrmidons']",Aug 7 18,Multiple
"['Midwest CSGO', 'Vendetta Gaming']",Aug 10 18,Multiple
"['Meet Your Maker', 'Unkind eSports']",May 23 18,de_mirage
"['Rabbi and the Alt...', 'Unkind eSports']",May 25 18,de_overpass
"['Past My Bedtime', 'Unkind eSports']",May 29 18,de_cache
"['Purge Gaming', 'Unkind eSports']",May 30 18,de_inferno
"['Night Prowlers CS', 'Unkind eSports']",Jun 6 18,de_nuke
"['Unkind eSports', 'this bitch empty']",Jun 11 18,de_inferno
"['Noxious-', 'Unkind eSports']",Jun 13 18,de_train
"['Great Dango Family', 'Unkind eSports']",Jun 18 18,de_cache
"['Just Add Water', 'Unkind eSports']",Jun 20 18,de_mirage
"['Doxxa', 'Unkind eSports']",Jun 21 18,de_mirage
"['Nfinite', 'Unkind eSports']",Jun 27 18,de_mirage
"['Polar Ace', 'Unkind eSports']",Jun 29 18,de_inferno
"['Unkind eSports', 'VCU CSGO']",Jul 2 18,de_mirage
"['SPLEWY LEWIS n TH...', 'Unkind eSports']",Jul 9 18,de_mirage
"['Unkind eSports', 'team w0w']",Jul 13 18,de_cache
"['Defy Rebellion', 'Unkind eSports']",Jul 13 18,de_mirage
"['Cat Squad Returns', 'Unkind eSports']",Jul 30 18,Multiple
"['SPLEWY LEWIS n TH...', 'Unkind eSports']",Aug 3 18,Multiple
"['Aerox-Esports', 'Unkind eSports']",Aug 7 18,Multiple
"['AngGang', 'Unkind eSports']",Aug 8 18,Multiple
"['APE ESCAPE', 'Gummy Dods']",May 21 18,de_cache
"['APE ESCAPE', 'this bitch empty']",May 23 18,de_nuke
"['APE ESCAPE', 'Manly Men']",Jun 3 18,de_inferno
"['APE ESCAPE', 'Get Five Gaming']",Jun 4 18,de_overpass
"['APE ESCAPE', 'Fews Money Crew']",Jun 6 18,de_mirage
"['APE ESCAPE', 'Team Empire']",Jun 13 18,de_train
"['APE ESCAPE', 'MixedReviews']",Jun 15 18,de_cache
"['APE ESCAPE', 'carBOMB']",Jun 18 18,de_cache
"['APE ESCAPE', 'Imported Goods']",Jun 22 18,de_overpass
"['APE ESCAPE', 'Broken Alliance']",Jun 23 18,de_overpass
"['APE ESCAPE', 'LoliBread']",Jun 27 18,de_mirage
"['APE ESCAPE', 'UnderGods-']",Jun 28 18,de_inferno
"['APE ESCAPE', 'Falcons-GG']",Jul 6 18,de_mirage
"['APE ESCAPE', 'Average Joes Gym']",Jul 8 18,de_cache
"['APE ESCAPE', 'afraid']",Jul 12 18,de_mirage
"['APE ESCAPE', 'Half Evil']",Jul 16 18,de_inferno
"['APE ESCAPE', 'Half Evil']",Jul 31 18,Multiple
"['APE ESCAPE', 'VCU CSGO']",Aug 3 18,Multiple
"['APE ESCAPE', 'SANLAN']",Aug 7 18,Multiple
"['FilthyCasuals', 'Mobility-Gaming']",May 23 18,de_mirage
"['Brokeback Mountain', 'FilthyCasuals']",May 28 18,de_cache
"['FilthyCasuals', 'Lasgana Boys']",May 31 18,de_inferno
"['But What If', 'FilthyCasuals']",Jun 4 18,de_cache
"['Empire', 'FilthyCasuals']",Jun 6 18,de_cache
"['FilthyCasuals', 'Quixotic Reality']",Jun 11 18,de_train
"['FilthyCasuals', 'Poseidon eSports NA']",Jun 12 18,de_inferno
"['Feels IM Man', 'FilthyCasuals']",Jun 17 18,de_inferno
"['FilthyCasuals', 'Grain Bin Boyz']",Jun 21 18,de_inferno
"['FilthyCasuals', 'Team Mutinous']",Jun 25 18,de_cache
"['Clam Shack Clapba...', 'FilthyCasuals']",Jun 28 18,de_overpass
"['FilthyCasuals', 'Oceanic Squad']",Jun 29 18,de_nuke
"['FilthyCasuals', 'TangoWorldWide']",Jul 3 18,de_train
"['FilthyCasuals', 'For The Community']",Jul 9 18,de_overpass
"['ExPURE', 'FilthyCasuals']",Jul 11 18,de_train
"['FilthyCasuals', 'Vendetta Gaming']",Jul 18 18,de_mirage
"['FilthyCasuals', 'Grain Bin Boyz']",Jul 30 18,Multiple
"['FilthyCasuals', 'For The Community']",Aug 3 18,Multiple
"['FilthyCasuals', 'Snows Racers']",Aug 7 18,Multiple
"['Prison Sex', 'Vendetta Gaming']",May 24 18,de_train
"['Higher Power', 'Vendetta Gaming']",May 28 18,de_train
"['Vendetta Gaming', 'survivor']",Jun 1 18,de_overpass
"['PHENOM REBORN ASC...', 'Vendetta Gaming']",Jun 4 18,de_mirage
"['Mediocre Team', 'Vendetta Gaming']",Jun 7 18,de_nuke
"['The beasty boys', 'Vendetta Gaming']",Jun 11 18,de_mirage
"['Clam Shack Clapba...', 'Vendetta Gaming']",Jun 14 18,de_nuke
"['Phat Brain', 'Vendetta Gaming']",Jun 18 18,de_inferno
"['Mobility-Gaming', 'Vendetta Gaming']",Jun 25 18,de_inferno
"['Lore', 'Vendetta Gaming']",Jun 27 18,de_cache
"['La-Li-Lu-Le-Lo', 'Vendetta Gaming']",Jun 29 18,de_nuke
"['For The Community', 'Vendetta Gaming']",Jul 2 18,de_train
"['But What If', 'Vendetta Gaming']",Jul 6 18,de_cache
"['ExPURE', 'Vendetta Gaming']",Jul 8 18,de_train
"['Empire', 'Vendetta Gaming']",Jul 17 18,de_mirage
"['Move 37 Gaming', 'Vendetta Gaming']",Jul 29 18,Multiple
"['Vendetta Gaming', 'drain gang']",Aug 3 18,Multiple
"['NO EXECUTES', 'Vendetta Gaming']",Aug 7 18,Multiple
"['AngGang', 'Empire']",May 25 18,de_mirage
"['AngGang', 'Team Mutinous']",May 27 18,de_overpass
"['AngGang', 'PONY']",May 31 18,de_mirage
"['AngGang', 'yikeszzz']",Jun 6 18,de_mirage
"['AngGang', 'Last Picks']",Jun 9 18,de_nuke
"['AngGang', 'Mind Bending Perf...']",Jun 12 18,de_mirage
"['AngGang', 'Move 37 Gaming']",Jun 15 18,de_nuke
"['AngGang', 'Noble xD']",Jun 18 18,Pending Veto
"['AngGang', 'Team Alpha Wolves']",Jun 21 18,de_cache
"['AngGang', 'Prison Sex']",Jun 22 18,de_overpass
"['AngGang', 'Grain Bin Boyz']",Jun 27 18,de_cache
"['AngGang', 'Northeastern-U RED']",Jun 29 18,de_overpass
"['AngGang', 'La-Li-Lu-Le-Lo']",Jul 4 18,de_overpass
"['AngGang', 'NO EXECUTES']",Jul 9 18,de_cache
"['AngGang', 'DamageOverTime']",Jul 11 18,de_overpass
"['AngGang', 'Skeet Skeet Water...']",Jul 16 18,de_mirage
"['AngGang', 'Gummy Dods']",Jul 30 18,Multiple
"['AngGang', 'Team Texas']",Aug 4 18,Multiple
"['AngGang', 'Consistently Whiffs']",Aug 7 18,Multiple
"['6o8', 'Consistently Whiffs']",May 21 18,de_overpass
"['Consistently Whiffs', 'Skyline GG']",May 27 18,de_inferno
"['Consistently Whiffs', 'Gummy Dods']",May 30 18,de_cache
"['Consistently Whiffs', 'Fierce Gaming']",Jun 4 18,de_mirage
"['Consistently Whiffs', 'sireaLz']",Jun 7 18,de_inferno
"['BOYS ARE BACK', 'Consistently Whiffs']",Jun 11 18,de_nuke
"['Consistently Whiffs', 'PUGTHUGZ']",Jun 18 18,de_overpass
"['Consistently Whiffs', 'SyntheticDreamz']",Jun 18 18,de_overpass
"['Consistently Whiffs', 'Hedgehogs']",Jun 20 18,de_cache
"['Consistently Whiffs', 'Gods with Attitude']",Jun 25 18,de_inferno
"['Consistently Whiffs', 'DreamTanks']",Jun 28 18,de_inferno
"['Consistently Whiffs', 'Team Digital Dynasty']",Jul 2 18,de_mirage
"['Consistently Whiffs', 'Night Prowlers CS']",Jul 6 18,de_nuke
"['Consistently Whiffs', 'Table Flipping 5']",Jul 9 18,de_mirage
"['Consistently Whiffs', 'Probably Panicking']",Jul 13 18,de_inferno
"['Consistently Whiffs', 'Falcons-GG']",Jul 16 18,de_train
"['Consistently Whiffs', 'Quixotic Reality']",Jul 27 18,Multiple
"['Consistently Whiffs', 'Hedgehogs']",Aug 3 18,Multiple
"['NO EXECUTES', 'The Myrmidons']",May 21 18,de_inferno
"['NO EXECUTES', 'Silent Assassins']",May 28 18,de_train
"['2 Pound Sandwich', 'NO EXECUTES']",May 29 18,de_mirage
"['Malice Gaming', 'NO EXECUTES']",Jun 4 18,de_cache
"['Mind Bending Perf...', 'NO EXECUTES']",Jun 5 18,de_inferno
"['La-Li-Lu-Le-Lo', 'NO EXECUTES']",Jun 9 18,de_nuke
"['But What If', 'NO EXECUTES']",Jun 15 18,de_inferno
"['NO EXECUTES', 'hitbox-']",Jun 18 18,de_cache
"['Lore', 'NO EXECUTES']",Jun 22 18,de_train
"['For The Community', 'NO EXECUTES']",Jun 25 18,de_dust2
"['NO EXECUTES', 'No Shift Nation']",Jun 27 18,de_inferno
"['Mobility-Gaming', 'NO EXECUTES']",Jul 2 18,de_cache
"['NO EXECUTES', 'bld']",Jul 9 18,de_mirage
"['Higher Power', 'NO EXECUTES']",Jul 12 18,de_inferno
"['Aerox-Esports', 'NO EXECUTES']",Jul 14 18,de_dust2
"['Empire', 'NO EXECUTES']",Jul 30 18,Multiple
"['NO EXECUTES', 'Table Flipping 5']",Aug 3 18,Multiple
"['Hit Squad', 'Outrageously Old ...']",May 25 18,de_cache
"['Hit Squad', 'nL']",May 26 18,de_inferno
"['Cloud9Academy', 'Hit Squad']",Jun 2 18,de_nuke
"['CyberStormGG', 'Hit Squad']",Jun 4 18,de_cache
"['Hit Squad', 'Illini Esports Or...']",Jun 13 18,de_dust2
"['Hit Squad', 'Rabbi and the Alt...']",Jun 19 18,de_inferno
"['Exsilium Esports', 'Hit Squad']",Jun 20 18,de_dust2
"['Hit Squad', 'Mother Puggers']",Jun 21 18,de_mirage
"['Hit Squad', 'UC Rejects CSGO']",Jun 26 18,de_cache
"['Hit Squad', 'Parrot Battalion']",Jun 28 18,de_mirage
"['Cat Squad Returns', 'Hit Squad']",Jul 1 18,de_dust2
"['Hit Squad', 'wat']",Jul 3 18,de_nuke
"['Hit Squad', 'PAW Patrol']",Jul 9 18,de_nuke
"['Hit Squad', 'Team Texas']",Jul 12 18,de_nuke
"['Hit Squad', 'VCU CSGO']",Jul 13 18,de_cache
"['Defy Rebellion', 'Hit Squad']",Jul 31 18,Multiple
"['Hit Squad', 'bld']",Aug 3 18,Multiple
"['LoS Pistoleros', 'SANLAN']",May 23 18,de_inferno
"['34', 'SANLAN']",May 25 18,de_nuke
"['Driven to Insanity', 'SANLAN']",May 31 18,de_dust2
"['PAW Patrol', 'SANLAN']",Jun 4 18,de_dust2
"['Cloud9Academy', 'SANLAN']",Jun 7 18,de_inferno
"['Polar Ace', 'SANLAN']",Jun 11 18,de_inferno
"['Looking for 0RG', 'SANLAN']",Jun 13 18,de_mirage
"['CZ5', 'SANLAN']",Jun 18 18,de_mirage
"['Goomba Squad', 'SANLAN']",Jun 21 18,de_train
"['Habibis Workshop', 'SANLAN']",Jun 25 18,de_mirage
"['SANLAN', 'Triggered Trash']",Jun 28 18,de_inferno
"['SANLAN', 'Team Verum']",Jul 2 18,de_inferno
"['SANLAN', 'fudgey fucking blows']",Jul 2 18,Pending Veto
"['SANLAN', 'Vivency']",Jul 4 18,de_overpass
"['Parrot Battalion', 'SANLAN']",Jul 9 18,de_overpass
"['Past My Bedtime', 'SANLAN']",Jul 13 18,de_inferno
"['East Coast Gaming', 'SANLAN']",Jul 31 18,Multiple
"['Broken Alliance', 'SANLAN']",Aug 3 18,Multiple
"['BzG Esports', 'Prison Sex']",May 22 18,de_mirage
"['BzG Esports', 'Flipping table crew']",May 23 18,de_overpass
"['BzG Esports', 'W E E B B U S T E...']",May 30 18,de_overpass
"['BzG Esports', 'Grain Bin Boyz']",Jun 4 18,de_nuke
"['2 Pound Sandwich', 'BzG Esports']",Jun 6 18,de_nuke
"['BzG Esports', 'Wikkid Esports']",Jun 11 18,de_cache
"['BzG Esports', 'Quixotic Reality']",Jun 13 18,de_mirage
"['BzG Esports', 'Clam Shack Clapba...']",Jun 18 18,de_nuke
"['But What If', 'BzG Esports']",Jun 22 18,de_mirage
"['BzG Esports', 'ExPURE']",Jun 25 18,de_overpass
"['BzG Esports', 'Realm Royale']",Jul 2 18,de_nuke
"['BzG Esports', 'hitbox-']",Jul 2 18,de_overpass
"['BzG Esports', 'Mobility-Gaming']",Jul 4 18,de_mirage
"['BzG Esports', 'Feels IM Man']",Jul 9 18,de_train
"['BzG Esports', 'Class Is In Sessi...']",Jul 10 18,de_dust2
"['BzG Esports', 'LeTrainTiltant']",Jul 13 18,de_train
"['BzG Esports', 'Rabbi and the Alt...']",Jul 30 18,Multiple
"['BzG Esports', 'Team Empire']",Aug 3 18,Multiple
"['Illini Esports Or...', 'Snows Racers']",May 22 18,de_mirage
"['Corporate Punishment', 'Snows Racers']",May 26 18,de_inferno
"['Flashpoint Gaming', 'Snows Racers']",May 28 18,de_inferno
"['Snows Racers', 'Triggered Trash']",Jun 4 18,de_overpass
"['Snows Racers', 'this bitch empty']",Jun 7 18,de_cache
"['Snows Racers', 'carBOMB']",Jun 8 18,de_train
"['Manly Men', 'Snows Racers']",Jun 12 18,de_train
"['Instant Shock', 'Snows Racers']",Jun 13 18,de_overpass
"['Average Joes Gym', 'Snows Racers']",Jun 20 18,de_mirage
"['Hentai Queens', 'Snows Racers']",Jun 22 18,de_train
"['MixedReviews', 'Snows Racers']",Jun 28 18,de_train
"['Hedgehogs', 'Snows Racers']",Jun 30 18,de_mirage
"['Doxxa', 'Snows Racers']",Jul 6 18,de_cache
"['Rabbi and the Alt...', 'Snows Racers']",Jul 9 18,de_overpass
"['Snows Racers', 'UC Rejects CSGO']",Jul 11 18,de_cache
"['New Beginnings', 'Snows Racers']",Jul 12 18,de_train
"['Snows Racers', 'Team Digital Dynasty']",Jul 31 18,Multiple
"['Lore', 'Snows Racers']",Aug 2 18,Multiple
"['The Myrmidons', 'bld']",May 25 18,de_inferno
"['For The Community', 'The Myrmidons']",Jun 1 18,de_inferno
"['The Myrmidons', 'VIRGIN ESPORTS']",Jun 6 18,de_cache
"['Flipping table crew', 'The Myrmidons']",Jun 7 18,de_inferno
"['Phat Brain', 'The Myrmidons']",Jun 10 18,de_inferno
"['The Myrmidons', 'Zero Chemistry']",Jun 15 18,de_train
"['The Myrmidons', 'yikeszzz']",Jun 17 18,de_inferno
"['Electric Pistols', 'The Myrmidons']",Jun 23 18,de_train
"['Higher Power', 'The Myrmidons']",Jun 25 18,de_mirage
"['The Myrmidons', 'The beasty boys']",Jun 29 18,de_train
"['PHENOM REBORN ASC...', 'The Myrmidons']",Jun 30 18,de_mirage
"['Skeet Skeet Water...', 'The Myrmidons']",Jul 9 18,de_inferno
"['No Shift Nation', 'The Myrmidons']",Jul 11 18,de_inferno
"['Realm Royale', 'The Myrmidons']",Jul 12 18,de_train
"['ExPURE', 'The Myrmidons']",Jul 14 18,de_mirage
"['Deception Gaming', 'The Myrmidons']",Jul 30 18,Multiple
"['Bloom E-sports', 'The Myrmidons']",Aug 5 18,Multiple
"['Aerox-Esports', 'Noble xD']",May 23 18,de_cache
"['Aerox-Esports', 'Bloom eSports']",May 26 18,de_train
"['Aerox-Esports', 'The Bastards']",May 29 18,de_mirage
"['Aerox-Esports', 'The Part Time Pop...']",May 31 18,de_mirage
"['Aerox-Esports', 'Last Picks']",Jun 7 18,de_train
"['Aerox-Esports', 'East Coast Gaming']",Jun 9 18,de_train
"['Aerox-Esports', 'LeTrainTiltant']",Jun 17 18,de_inferno
"['Aerox-Esports', 'Team Mutinous']",Jun 18 18,de_dust2
"['Aerox-Esports', 'hitbox-']",Jun 21 18,de_cache
"['Aerox-Esports', 'But What If']",Jun 25 18,de_train
"['Aerox-Esports', 'Lore']",Jul 6 18,de_inferno
"['Aerox-Esports', 'La-Li-Lu-Le-Lo']",Jul 10 18,de_train
"['Aerox-Esports', 'TangoWorldWide']",Jul 12 18,de_cache
"['Aerox-Esports', 'Quixotic Reality']",Jul 13 18,de_overpass
"['Aerox-Esports', 'ExPURE']",Jul 17 18,de_overpass
"['Aerox-Esports', 'Team Alpha Wolves']",Jul 30 18,Multiple
"['Aerox-Esports', 'La-Li-Lu-Le-Lo']",Aug 3 18,Multiple
"['13th Hour Gaming', 'La-Li-Lu-Le-Lo']",May 23 18,de_inferno
"['La-Li-Lu-Le-Lo', 'Mind Bending Perf...']",May 28 18,de_inferno
"['East Coast Gaming', 'La-Li-Lu-Le-Lo']",May 30 18,de_train
"['La-Li-Lu-Le-Lo', 'VIRGIN ESPORTS']",Jun 4 18,de_train
"['Higher Power', 'La-Li-Lu-Le-Lo']",Jun 7 18,de_nuke
"['La-Li-Lu-Le-Lo', 'Lore']",Jun 13 18,de_nuke
"['La-Li-Lu-Le-Lo', 'Team Wisdom']",Jun 18 18,de_train
"['La-Li-Lu-Le-Lo', 'Mobility-Gaming']",Jun 20 18,de_overpass
"['Empire', 'La-Li-Lu-Le-Lo']",Jun 25 18,de_inferno
"['Clam Shack Clapba...', 'La-Li-Lu-Le-Lo']",Jul 9 18,de_overpass
"['Deception Gaming', 'La-Li-Lu-Le-Lo']",Jul 11 18,de_nuke
"['Bloom E-sports', 'La-Li-Lu-Le-Lo']",Jul 16 18,de_inferno
"['La-Li-Lu-Le-Lo', 'Realm Royale']",Jul 30 18,Multiple
"['Bloom E-sports', 'Team Alpha Wolves']",May 24 18,de_mirage
"['BLACKPINK', 'Bloom E-sports']",May 30 18,de_mirage
"['Bloom E-sports', 'Deception Gaming']",May 31 18,de_overpass
"['Bloom E-sports', 'Skeet Skeet Water...']",Jun 1 18,de_mirage
"['Bloom E-sports', 'Poseidon eSports NA']",Jun 6 18,de_inferno
"['Bloom E-sports', 'Lasgana Boys']",Jun 11 18,de_cache
"['Bloom E-sports', 'East Coast Gaming']",Jun 14 18,de_inferno
"['Bloom E-sports', 'Prison Sex']",Jun 18 18,de_dust2
"['Bloom E-sports', 'Five Kings']",Jun 21 18,de_overpass
"['Bloom E-sports', 'HOT BOY SQUAD']",Jun 25 18,de_inferno
"['Bloom E-sports', 'what we do']",Jun 26 18,de_cache
"['Bloom E-sports', 'W E E B B U S T E...']",Jun 29 18,de_cache
"['Bloom E-sports', 'Class Is In Sessi...']",Jul 4 18,de_inferno
"['Bloom E-sports', 'Grain Bin Boyz']",Jul 9 18,de_cache
"['Bloom E-sports', 'hitbox-']",Jul 11 18,de_overpass
"['Bloom E-sports', 'TangoWorldWide']",Jul 30 18,Multiple
"['Five Kings', 'Lore']",May 23 18,de_cache
"['Lore', 'Skeet Skeet Water...']",May 25 18,de_mirage
"['Lore', 'Silent Empire']",May 30 18,de_mirage
"['DamageOverTime', 'Lore']",Jun 4 18,de_train
"['EWOKGODSQUAD', 'Lore']",Jun 6 18,de_inferno
"['Lore', 'survivor']",Jun 11 18,de_inferno
"['Class Is In Sessi...', 'Lore']",Jun 15 18,de_train
"['Lore', 'hitbox-']",Jul 2 18,de_inferno
"['Lore', 'buffet of trash']",Jul 2 18,de_dust2
"['Lore', 'Victims of the Ti...']",Jul 9 18,de_nuke
"['But What If', 'Lore']",Jul 11 18,de_mirage
"['Empire', 'Lore']",Jul 16 18,de_cache
"['Driven to Insanity', 'Lore']",Jul 30 18,Multiple
"['Team Empire', 'Windex_Ninjas']",May 28 18,de_mirage
"['Team Empire', 'Urban Assault']",Jun 5 18,de_overpass
"['SyntheticDreamz', 'Team Empire']",Jun 7 18,de_cache
"['Team Empire', 'Yee Yee Boys']",Jun 11 18,de_mirage
"['Mother Puggers', 'Team Empire']",Jun 12 18,de_nuke
"['Corporate Punishment', 'Team Empire']",Jun 18 18,de_overpass
"['Montes Money Bois', 'Team Empire']",Jun 21 18,de_cache
"['Desert Dynasty', 'Team Empire']",Jun 22 18,de_overpass
"['Probably Panicking', 'Team Empire']",Jun 29 18,de_inferno
"['Night Prowlers CS', 'Team Empire']",Jul 2 18,de_overpass
"['Bad Intentions', 'Team Empire']",Jul 5 18,de_dust2
"['Literature Club', 'Team Empire']",Jul 6 18,de_mirage
"['Broken Alliance', 'Team Empire']",Jul 11 18,de_mirage
"['Hedgehogs', 'Team Empire']",Jul 16 18,de_inferno
"['Higher Power', 'Team Empire']",Jul 30 18,Multiple
"['Broken Alliance', 'Last Alive']",May 23 18,de_cache
"['Broken Alliance', 'Thicc Sweaty Llamas']",May 31 18,de_dust2
"['Broken Alliance', 'Reality CS']",Jun 6 18,de_mirage
"['Broken Alliance', 'Yee Yee Boys']",Jun 11 18,de_mirage
"['Broken Alliance', 'UC Rejects CSGO']",Jun 13 18,de_overpass
"['Broken Alliance', 'OP']",Jun 16 18,de_inferno
"['Broken Alliance', 'She Wasnt 18']",Jun 19 18,de_dust2
"['Broken Alliance', 'Instant Shock']",Jun 20 18,de_inferno
"['Broken Alliance', 'Chill Town']",Jun 28 18,de_mirage
"['Broken Alliance', 'Hooked Academy']",Jul 2 18,de_mirage
"['Broken Alliance', 'Rabbi and the Alt...']",Jul 4 18,de_overpass
"['Broken Alliance', 'wat']",Jul 6 18,de_inferno
"['Broken Alliance', 'SPLEWY LEWIS n TH...']",Jul 18 18,de_overpass
"['Broken Alliance', 'Class Is In Sessi...']",Jul 30 18,Multiple
"['Animus Gaming', 'No Shift Nation']",May 22 18,de_inferno
"['No Shift Nation', 'Zero Chemistry']",May 28 18,de_cache
"['No Shift Nation', 'what we do']",May 30 18,de_inferno
"['No Shift Nation', 'fortnite gawdz']",Jun 1 18,de_dust2
"['Class Is In Sessi...', 'No Shift Nation']",Jun 7 18,de_cache
"['MoZZY', 'No Shift Nation']",Jun 11 18,de_mirage
"['No Shift Nation', 'Phat Brain']",Jun 13 18,de_overpass
"['No Shift Nation', 'Quixotic Reality']",Jun 18 18,de_mirage
"['ExPURE', 'No Shift Nation']",Jun 20 18,de_overpass
"['No Shift Nation', 'TangoWorldWide']",Jun 25 18,de_cache
"['No Shift Nation', 'Skeet Skeet Water...']",Jul 2 18,de_mirage
"['No Shift Nation', 'Oceanic Squad']",Jul 9 18,de_cache
"['Grain Bin Boyz', 'No Shift Nation']",Jul 13 18,de_mirage
"['DamageOverTime', 'No Shift Nation']",Jul 16 18,de_mirage
"['Mind Bending Perf...', 'No Shift Nation']",Jul 30 18,Multiple
"['Defy Rebellion', 'drain gang']",May 25 18,de_inferno
"['1ms', 'drain gang']",May 26 18,de_mirage
"['OP', 'drain gang']",May 31 18,de_train
"['Driven to Insanity', 'drain gang']",Jun 5 18,de_dust2
"['6o8', 'drain gang']",Jun 7 18,de_cache
"['Will Frag For Food', 'drain gang']",Jun 8 18,de_cache
"['Chill Town', 'drain gang']",Jun 14 18,de_mirage
"['Silent Gaming', 'drain gang']",Jun 14 18,de_cache
"['VCU CSGO', 'drain gang']",Jun 21 18,de_train
"['Noxious-', 'drain gang']",Jun 22 18,de_nuke
"['Polar Ace', 'drain gang']",Jun 27 18,de_mirage
"['DreamTanks', 'drain gang']",Jun 29 18,de_cache
"['Nfinite', 'drain gang']",Jul 4 18,de_dust2
"['Doxxa', 'drain gang']",Jul 9 18,de_dust2
"['Literature Club', 'drain gang']",Jul 11 18,de_mirage
"['afraid', 'drain gang']",Jul 16 18,de_dust2
"['PAW Patrol', 'drain gang']",Jul 27 18,Multiple
"['BOYS ARE BACK', 'Hedgehogs']",May 22 18,de_inferno
"['Hedgehogs', 'wat']",May 23 18,de_inferno
"['Hedgehogs', 'LEGENDS']",May 28 18,de_dust2
"['Defy Rebellion', 'Hedgehogs']",Jun 1 18,de_inferno
"['Hedgehogs', 'LoliBread']",Jun 7 18,de_dust2
"['Hedgehogs', 'TEAM NICK']",Jun 8 18,de_mirage
"['Chivalry eSports', 'Hedgehogs']",Jun 14 18,de_dust2
"['BedTmeBangers', 'Hedgehogs']",Jun 18 18,de_inferno
"['Hedgehogs', 'HellKittens']",Jun 21 18,de_nuke
"['Doxxa', 'Hedgehogs']",Jun 28 18,de_nuke
"['Hedgehogs', 'Team Digital Dynasty']",Jul 4 18,de_cache
"['Half Evil', 'Hedgehogs']",Jul 9 18,de_inferno
"['Flashpoint Gaming', 'Hedgehogs']",Jul 11 18,de_mirage
"['Hedgehogs', 'Last Picks']",Jul 30 18,Multiple
"['Average Joes Gym', 'Team Texas']",May 28 18,de_mirage
"['Team Texas', 'this bitch empty']",May 30 18,de_inferno
"['Team Texas', 'Vivency']",May 30 18,de_inferno
"['Team Texas', 'The Hunny Badgers']",Jun 6 18,de_inferno
"['Gods with Attitude', 'Team Texas']",Jun 9 18,de_inferno
"['Manly Men', 'Team Texas']",Jun 10 18,de_cache
"['Ethos Data', 'Team Texas']",Jun 14 18,de_cache
"['LoliBread', 'Team Texas']",Jun 16 18,de_mirage
"['Half Evil', 'Team Texas']",Jun 20 18,de_inferno
"['Just Add Water', 'Team Texas']",Jun 21 18,de_inferno
"['Gummy Dods', 'Team Texas']",Jun 27 18,de_mirage
"['Last Alive', 'Team Texas']",Jun 29 18,de_mirage
"['Team Texas', 'VCU CSGO']",Jul 9 18,de_mirage
"['Team Texas', 'team w0w']",Jul 16 18,de_mirage
"['Team Texas', 'carBOMB']",Jul 31 18,Multiple
"['Deadnauts', 'Table Flipping 5']",May 25 18,de_overpass
"['Polar Ace', 'Table Flipping 5']",Jun 4 18,de_overpass
"['Parrot Battalion', 'Table Flipping 5']",Jun 7 18,de_cache
"['Half Evil', 'Table Flipping 5']",Jun 11 18,de_mirage
"['DreamTanks', 'Table Flipping 5']",Jun 19 18,de_overpass
"['Gentleman Dignity', 'Table Flipping 5']",Jun 20 18,de_overpass
"['Super Keyboard Wa...', 'Table Flipping 5']",Jun 21 18,de_mirage
"['Sassy Sunshines', 'Table Flipping 5']",Jun 23 18,de_mirage
"['Table Flipping 5', 'Team Verum']",Jun 25 18,de_cache
"['BedTmeBangers', 'Table Flipping 5']",Jun 30 18,de_cache
"['Omnivium', 'Table Flipping 5']",Jul 2 18,de_cache
"['Table Flipping 5', 'xi']",Jul 7 18,de_mirage
"['PAW Patrol', 'Table Flipping 5']",Jul 11 18,de_dust2
"['Literature Club', 'Table Flipping 5']",Jul 16 18,de_mirage
"['TEAM BUDSQUAD', 'Table Flipping 5']",Jul 31 18,Multiple
"['bld', 'survivor']",May 24 18,de_cache
"['Class Is In Sessi...', 'bld']",May 31 18,de_mirage
"['Prison Sex', 'bld']",Jun 2 18,de_overpass
"['TangoWorldWide', 'bld']",Jun 7 18,de_cache
"['Zealous-GG', 'bld']",Jun 11 18,de_mirage
"['Northeastern-U RED', 'bld']",Jun 14 18,de_inferno
"['Deception Gaming', 'bld']",Jun 18 18,de_inferno
"['Phat Brain', 'bld']",Jun 22 18,de_mirage
"['PHENOM REBORN ASC...', 'bld']",Jun 25 18,de_overpass
"['Victims of the Ti...', 'bld']",Jun 28 18,de_mirage
"['Team Wisdom', 'bld']",Jun 29 18,de_inferno
"['Higher Power', 'bld']",Jul 6 18,de_cache
"['bld', 'buffet of trash']",Jul 11 18,de_inferno
"['For The Community', 'bld']",Jul 13 18,de_mirage
"['Just Add Water', 'bld']",Jul 30 18,Multiple
"['OP', 'VCU CSGO']",May 24 18,de_mirage
"['VCU CSGO', 'Will Frag For Food']",May 29 18,de_train
"['PAW Patrol', 'VCU CSGO']",May 31 18,de_dust2
"['Get Five Gaming', 'VCU CSGO']",Jun 7 18,de_inferno
"['Cx', 'VCU CSGO']",Jun 8 18,de_cache
"['HellKittens', 'VCU CSGO']",Jun 15 18,de_cache
"['Purge Gaming', 'VCU CSGO']",Jun 18 18,de_mirage
"['Never trying', 'VCU CSGO']",Jun 22 18,de_train
"['Gummy Dods', 'VCU CSGO']",Jun 27 18,de_cache
"['Just Add Water', 'VCU CSGO']",Jul 2 18,de_inferno
"['Team Digital Dynasty', 'VCU CSGO']",Jul 11 18,de_cache
"['Average Joes Gym', 'VCU CSGO']",Aug 1 18,Multiple
"['Crime Mob', 'Polar Ace']",May 24 18,de_mirage
"['Hentai Queens', 'Polar Ace']",May 28 18,de_overpass
"['Polar Ace', 'ben shapiro fan club']",Jun 4 18,de_cache
"['Polar Ace', 'xi']",Jun 8 18,de_cache
"['Half Evil', 'Polar Ace']",Jun 13 18,de_overpass
"['Night Prowlers CS', 'Polar Ace']",Jun 18 18,de_cache
"['Polar Ace', 'team w0w']",Jun 22 18,de_inferno
"['Flashpoint Gaming', 'Polar Ace']",Jul 4 18,de_overpass
"['Last Alive', 'Polar Ace']",Jul 9 18,de_cache
"['Polar Ace', 'SPLEWY LEWIS n TH...']",Jul 12 18,de_mirage
"['Doxxa', 'Polar Ace']",Jul 16 18,de_overpass
"['But What If', 'Polar Ace']",Jul 31 18,Multiple
"['For The Community', 'MoZZY']",May 25 18,de_mirage
"['Farquaad Squad', 'For The Community']",May 28 18,de_overpass
"['For The Community', 'LeTrainTiltant']",Jun 5 18,de_cache
"['For The Community', 'fortnite gawdz']",Jun 7 18,de_nuke
"['For The Community', 'Team Mutinous']",Jun 7 18,de_train
"['Constant Rage', 'For The Community']",Jun 14 18,de_dust2
"['For The Community', 'The Burger People']",Jun 14 18,de_train
"['For The Community', 'Quixotic Reality']",Jun 22 18,de_train
"['For The Community', 'TangoWorldWide']",Jun 28 18,de_dust2
"['For The Community', 'Realm Royale']",Jul 4 18,de_cache
"['For The Community', 'buffet of trash']",Jul 23 18,de_overpass
"['Ethos Data', 'For The Community']",Jul 31 18,Multiple
"['Super Keyboard Wa...', 'team w0w']",May 23 18,de_overpass
"['Chivalry eSports', 'team w0w']",May 28 18,de_cache
"['Decisive Esports', 'team w0w']",May 31 18,de_cache
"['nL', 'team w0w']",Jun 1 18,de_cache
"['Hi', 'team w0w']",Jun 5 18,de_mirage
"['Sassy Sunshines', 'team w0w']",Jun 11 18,de_cache
"['Night Prowlers CS', 'team w0w']",Jun 13 18,de_overpass
"['UnderGods-', 'team w0w']",Jun 14 18,de_inferno
"['Defy Rebellion', 'team w0w']",Jun 20 18,de_nuke
"['Half Evil', 'team w0w']",Jul 2 18,de_cache
"['SPLEWY LEWIS n TH...', 'team w0w']",Jul 4 18,de_inferno
"['Gummy Dods', 'team w0w']",Jul 9 18,de_inferno
"['DamageOverTime', 'team w0w']",Jul 30 18,Multiple
"['34', 'SPLEWY LEWIS n TH...']",May 24 18,de_inferno
"['Fews Money Crew', 'SPLEWY LEWIS n TH...']",May 25 18,de_inferno
"['SPLEWY LEWIS n TH...', 'sireaLz']",May 30 18,de_mirage
"['Literature Club', 'SPLEWY LEWIS n TH...']",May 31 18,de_nuke
"['SPLEWY LEWIS n TH...', 'Skyline GG']",Jun 6 18,de_nuke
"['Cloud9Academy', 'SPLEWY LEWIS n TH...']",Jun 7 18,de_nuke
"['SPLEWY LEWIS n TH...', 'Team Verum']",Jun 13 18,de_mirage
"['Hentai Queens', 'SPLEWY LEWIS n TH...']",Jun 14 18,de_nuke
"['LoliBread', 'SPLEWY LEWIS n TH...']",Jun 20 18,de_mirage
"['DreamTanks', 'SPLEWY LEWIS n TH...']",Jun 25 18,de_overpass
"['Last Alive', 'SPLEWY LEWIS n TH...']",Jul 3 18,de_nuke
"['SPLEWY LEWIS n TH...', 'Vivency']",Jul 31 18,Multiple
"['CyberStormGG', 'Vivency']",May 23 18,de_mirage
"['Gods with Attitude', 'Vivency']",May 29 18,de_mirage
"['Vae Timidis', 'Vivency']",Jun 6 18,de_inferno
"['Imported Goods', 'Vivency']",Jun 9 18,de_overpass
"['Desert Dynasty', 'Vivency']",Jun 15 18,de_mirage
"['OP', 'Vivency']",Jun 18 18,de_cache
"['Bad Intentions', 'Vivency']",Jun 22 18,de_mirage
"['34', 'Vivency']",Jun 25 18,de_cache
"['Never trying', 'Vivency']",Jul 2 18,de_mirage
"['New Beginnings', 'Vivency']",Jul 3 18,de_cache
"['Vivency', 'wat']",Jul 16 18,de_cache
"['Ethos Data', 'Vivency']",Jul 17 18,de_mirage
"['Silent Gaming', 'Vivency']",Jul 19 18,de_mirage
"['Last Alive', 'Vivency']",Jul 20 18,de_cache
"['Cx', 'Doxxa']",May 24 18,de_cache
"['Doxxa', 'LEGENDS']",May 28 18,de_cache
"['Doxxa', 'haha yes']",May 30 18,de_mirage
"['Doxxa', 'Habibis Workshop']",Jun 4 18,de_inferno
"['Doxxa', 'Gentleman Dignity']",Jun 6 18,de_mirage
"['Doxxa', 'Skyline GG']",Jun 11 18,de_cache
"['Doxxa', 'Ethos Data']",Jun 15 18,de_mirage
"['Defy Rebellion', 'Doxxa']",Jun 18 18,de_inferno
"['Doxxa', 'DreamTanks']",Jun 22 18,de_mirage
"['Bad Intentions', 'Doxxa']",Jul 2 18,de_mirage
"['Doxxa', 'MixedReviews']",Jul 13 18,de_inferno
"['Ethos Data', 'Get Five Gaming']",May 23 18,de_train
"['Earth Dragon', 'Ethos Data']",May 28 18,de_train
"['Cloud9Academy', 'Ethos Data']",Jun 3 18,de_cache
"['Ethos Data', 'afraid']",Jun 6 18,de_cache
"['Ethos Data', 'the pussy patrol']",Jun 13 18,de_train
"['Defy Rebellion', 'Ethos Data']",Jun 19 18,de_mirage
"['Ethos Data', 'Half Evil']",Jun 25 18,de_inferno
"['Ethos Data', 'wat']",Jun 27 18,de_mirage
"['Ethos Data', 'Rabbi and the Alt...']",Jul 2 18,de_nuke
"['Ethos Data', 'New Beginnings']",Jul 6 18,de_mirage
"['Ethos Data', 'Last Alive']",Jul 10 18,de_inferno
"['Ethos Data', 'PAW Patrol']",Jul 13 18,de_nuke
"['Chill Town', 'Ethos Data']",Jul 19 18,de_train
"['Chivalry eSports', 'xi']",May 23 18,de_overpass
"['Deadnauts', 'xi']",May 24 18,de_cache
"['Cx', 'xi']",Jun 1 18,de_train
"['ben shapiro fan club', 'xi']",Jun 4 18,de_inferno
"['Masked Esports', 'xi']",Jun 11 18,de_mirage
"['Sassy Sunshines', 'xi']",Jun 13 18,de_cache
"['Skyline GG', 'xi']",Jun 18 18,de_cache
"['TEAM NICK', 'xi']",Jun 22 18,de_mirage
"['She Wasnt 18', 'xi']",Jun 25 18,de_mirage
"['this bitch empty', 'xi']",Jun 29 18,de_mirage
"['haha yes', 'xi']",Jul 4 18,de_mirage
"['Hentai Queens', 'xi']",Jul 6 18,de_inferno
"['Super Keyboard Wa...', 'xi']",Jul 11 18,de_cache
"['Urban Assault', 'xi']",Jul 13 18,de_train
"['Half Evil', 'haha yes']",May 23 18,de_cache
"['Flashpoint Gaming', 'Half Evil']",May 25 18,de_cache
"['Half Evil', 'Looking for 0RG']",May 30 18,de_inferno
"['5th Power', 'Half Evil']",Jun 4 18,de_mirage
"['CyberStormGG', 'Half Evil']",Jun 6 18,de_mirage
"['Half Evil', 'Probably Panicking']",Jun 18 18,de_cache
"['Defy Rebellion', 'Half Evil']",Jun 27 18,de_inferno
"['Half Evil', 'MixedReviews']",Jul 4 18,de_train
"['Driven to Insanity', 'Half Evil']",Jul 11 18,de_inferno
"['Just Add Water', 'ded esports']",May 23 18,de_mirage
"['Just Add Water', 'Newbies Not Opera...']",May 24 18,de_mirage
"['Just Add Water', 'Sassy Sunshines']",May 31 18,de_inferno
"['Just Add Water', 'Skyline GG']",Jun 4 18,de_inferno
"['HellKittens', 'Just Add Water']",Jun 7 18,de_cache
"['Just Add Water', 'Outrageously Old ...']",Jun 8 18,de_overpass
"['Just Add Water', 'TEAM NICK']",Jun 13 18,de_inferno
"['Just Add Water', 'Nfinite']",Jun 18 18,de_mirage
"['Flashpoint Gaming', 'Just Add Water']",Jul 2 18,de_inferno
"['Hentai Queens', 'Just Add Water']",Jul 6 18,de_cache
"['Just Add Water', 'afraid']",Jul 9 18,de_overpass
"['Bad Intentions', 'Just Add Water']",Jul 13 18,de_cache
"['Gods with Attitude', 'Just Add Water']",Jul 16 18,de_overpass
"['TEAM BUDSQUAD', 'ben shapiro fan club']",May 25 18,de_train
"['Probably Panicking', 'TEAM BUDSQUAD']",May 30 18,de_mirage
"['Manly Men', 'TEAM BUDSQUAD']",Jun 1 18,de_inferno
"['Habibis Workshop', 'TEAM BUDSQUAD']",Jun 3 18,de_inferno
"['Defy Rebellion', 'TEAM BUDSQUAD']",Jun 10 18,de_mirage
"['Sassy Sunshines', 'TEAM BUDSQUAD']",Jun 14 18,de_cache
"['PAW Patrol', 'TEAM BUDSQUAD']",Jun 15 18,de_inferno
"['Corporate Punishment', 'TEAM BUDSQUAD']",Jun 21 18,de_inferno
"['TEAM BUDSQUAD', 'Yee Yee Boys']",Jun 24 18,de_cache
"['LEGENDS', 'TEAM BUDSQUAD']",Jun 29 18,de_inferno
"['Montes Money Bois', 'TEAM BUDSQUAD']",Jul 1 18,de_train
"['Deadnauts', 'TEAM BUDSQUAD']",Jul 6 18,de_inferno
"['OP', 'TEAM BUDSQUAD']",Jul 7 18,de_train
"['Past My Bedtime', 'TEAM BUDSQUAD']",Jul 11 18,de_cache
"['Bad Intentions', 'TEAM BUDSQUAD']",Jul 15 18,de_inferno
"['Great Dango Family', 'Gummy Dods']",May 25 18,de_mirage
"['Gummy Dods', 'LEGENDS']",Jun 5 18,de_inferno
"['Gummy Dods', 'Silent Gaming']",Jun 6 18,de_train
"['Gummy Dods', 'Team Verum']",Jun 7 18,de_overpass
"['Gummy Dods', 'Omnivium']",Jun 14 18,de_train
"['Gummy Dods', 'Imported Goods']",Jun 14 18,de_cache
"['Gummy Dods', 'Night Prowlers CS']",Jun 25 18,de_cache
"['Gummy Dods', 'UnderGods-']",Jun 25 18,de_cache
"['Gummy Dods', 'MixedReviews']",Jul 14 18,de_nuke
"['Quixotic Reality', 'The Part Time Pop...']",May 23 18,de_train
"['MoZZY', 'Quixotic Reality']",May 28 18,de_train
"['Quixotic Reality', 'Zero Chemistry']",Jun 1 18,de_overpass
"['Lasgana Boys', 'Quixotic Reality']",Jun 4 18,de_overpass
"['Daddies Get Baddies', 'Quixotic Reality']",Jun 8 18,de_overpass
"['Class Is In Sessi...', 'Quixotic Reality']",Jun 20 18,de_cache
"['But What If', 'Quixotic Reality']",Jun 26 18,de_cache
"['Quixotic Reality', 'Victims of the Ti...']",Jul 6 18,de_cache
"['Empire', 'Quixotic Reality']",Jul 9 18,de_cache
"['Quixotic Reality', 'Skeet Skeet Water...']",Jul 11 18,de_mirage
"['13th Hour Gaming', 'Quixotic Reality']",Jul 16 18,de_mirage
"['Cloud9Academy', 'PAW Patrol']",May 28 18,de_inferno
"['Fews Money Crew', 'PAW Patrol']",Jun 6 18,de_mirage
"['PAW Patrol', 'Rabbi and the Alt...']",Jun 11 18,de_inferno
"['Manly Men', 'PAW Patrol']",Jun 13 18,de_overpass
"['PAW Patrol', 'Triggered Trash']",Jun 20 18,de_inferno
"['Omnivium', 'PAW Patrol']",Jun 22 18,de_inferno
"['Driven to Insanity', 'PAW Patrol']",Jun 27 18,de_dust2
"['Chivalry eSports', 'PAW Patrol']",Jun 28 18,de_cache
"['Bad Intentions', 'PAW Patrol']",Jul 6 18,de_inferno
"['East Coast Gaming', 'Mind Bending Perf...']",May 25 18,de_cache
"['13th Hour Gaming', 'Mind Bending Perf...']",May 30 18,de_inferno
"['Mind Bending Perf...', 'Team Mutinous']",May 30 18,de_overpass
"['Mind Bending Perf...', 'Team Alpha Wolves']",Jun 14 18,de_train
"['Mind Bending Perf...', 'The Bastards']",Jun 18 18,de_overpass
"['BLACKPINK', 'Mind Bending Perf...']",Jun 20 18,de_mirage
"['Mind Bending Perf...', 'fortnite gawdz']",Jun 24 18,de_mirage
"['Dead Presidents', 'Mind Bending Perf...']",Jun 27 18,de_inferno
"['EWOKGODSQUAD', 'Mind Bending Perf...']",Jul 2 18,de_mirage
"['Mind Bending Perf...', 'yikeszzz']",Jul 4 18,de_mirage
"['2 Pound Sandwich', 'Mind Bending Perf...']",Jul 8 18,de_overpass
"['Mind Bending Perf...', 'Team Wisdom']",Jul 11 18,de_overpass
"['Mind Bending Perf...', 'Mobility-Gaming']",Jul 13 18,de_mirage
"['EWOKGODSQUAD', 'East Coast Gaming']",May 26 18,de_train
"['Daddies Get Baddies', 'East Coast Gaming']",May 31 18,de_cache
"['BLACKPINK', 'East Coast Gaming']",Jun 11 18,de_inferno
"['East Coast Gaming', 'United Bangers']",Jun 18 18,de_nuke
"['East Coast Gaming', 'Zealous-GG']",Jun 23 18,de_overpass
"['East Coast Gaming', 'Lasgana Boys']",Jun 25 18,de_overpass
"['East Coast Gaming', 'Phat Brain']",Jun 28 18,de_overpass
"['Deception Gaming', 'East Coast Gaming']",Jun 29 18,de_nuke
"['East Coast Gaming', 'Electric Pistols']",Jul 9 18,de_inferno
"['East Coast Gaming', 'Mediocre Team']",Jul 9 18,de_train
"['East Coast Gaming', 'Move 37 Gaming']",Jul 12 18,de_nuke
"['East Coast Gaming', 'W E E B B U S T E...']",Jul 13 18,de_train
"['1ms', 'Rabbi and the Alt...']",May 23 18,de_overpass
"['Rabbi and the Alt...', 'Team Verum']",Jun 1 18,de_train
"['Corporate Punishment', 'Rabbi and the Alt...']",Jun 4 18,de_train
"['Masked Esports', 'Rabbi and the Alt...']",Jun 6 18,de_overpass
"['HellKittens', 'Rabbi and the Alt...']",Jun 18 18,de_overpass
"['Exsilium Esports', 'Rabbi and the Alt...']",Jun 22 18,de_train
"['Hooked Academy', 'Rabbi and the Alt...']",Jun 25 18,de_cache
"['New Beginnings', 'Rabbi and the Alt...']",Jun 29 18,de_cache
"['Hentai Queens', 'Rabbi and the Alt...']",Jul 11 18,de_cache
"['Rabbi and the Alt...', 'wat']",Jul 16 18,de_cache
"['She Wasnt 18', 'Team Digital Dynasty']",May 23 18,de_mirage
"['Driven to Insanity', 'Team Digital Dynasty']",May 28 18,de_mirage
"['Decisive Esports', 'Team Digital Dynasty']",May 30 18,de_overpass
"['CZ5', 'Team Digital Dynasty']",Jun 4 18,de_mirage
"['6o8', 'Team Digital Dynasty']",Jun 5 18,de_overpass
"['Gentleman Dignity', 'Team Digital Dynasty']",Jun 7 18,de_train
"['Masked Esports', 'Team Digital Dynasty']",Jun 14 18,de_train
"['Skyline GG', 'Team Digital Dynasty']",Jun 15 18,de_mirage
"['Super Keyboard Wa...', 'Team Digital Dynasty']",Jun 20 18,de_mirage
"['Exsilium Esports', 'Team Digital Dynasty']",Jun 25 18,de_mirage
"['Bad Intentions', 'Team Digital Dynasty']",Jun 26 18,de_mirage
"['Flashpoint Gaming', 'Team Digital Dynasty']",Jul 3 18,de_mirage
"['BLACKPINK', 'TangoWorldWide']",May 25 18,de_mirage
"['TangoWorldWide', 'VIRGIN ESPORTS']",May 28 18,de_dust2
"['Five Kings', 'TangoWorldWide']",May 30 18,de_cache
"['Constant Rage', 'TangoWorldWide']",May 31 18,de_mirage
"['Electric Pistols', 'TangoWorldWide']",Jun 11 18,de_mirage
"['Erupt  eSports', 'TangoWorldWide']",Jun 15 18,de_mirage
"['Silent Empire', 'TangoWorldWide']",Jun 18 18,de_mirage
"['Clam Shack Clapba...', 'TangoWorldWide']",Jun 21 18,de_nuke
"['ExPURE', 'TangoWorldWide']",Jul 2 18,de_train
"['Realm Royale', 'TangoWorldWide']",Jul 9 18,de_train
"['TangoWorldWide', 'buffet of trash']",Jul 12 18,de_train
"['PONY', 'Realm Royale']",May 22 18,de_overpass
"['Lasgana Boys', 'Realm Royale']",May 28 18,de_mirage
"['Higher Power', 'Realm Royale']",May 31 18,de_inferno
"['Realm Royale', 'Victims of the Ti...']",Jun 4 18,de_overpass
"['Bloom eSports', 'Realm Royale']",Jun 5 18,de_train
"['Realm Royale', 'The Part Time Pop...']",Jun 7 18,de_inferno
"['Realm Royale', 'Shot eSports']",Jun 11 18,de_cache
"['Realm Royale', 'Rigolo Raisin']",Jun 18 18,de_inferno
"['Realm Royale', 'Team Wisdom']",Jun 25 18,de_train
"['DamageOverTime', 'Realm Royale']",Jun 25 18,de_overpass
"['Mobility-Gaming', 'Realm Royale']",Jun 26 18,de_inferno
"['But What If', 'Realm Royale']",Jul 15 18,de_inferno
"['Electric Pistols', 'Team Alpha Wolves']",May 25 18,de_mirage
"['Move 37 Gaming', 'Team Alpha Wolves']",May 29 18,de_cache
"['Team Alpha Wolves', 'Zealous-GG']",May 31 18,de_cache
"['Oceanic Squad', 'Team Alpha Wolves']",Jun 7 18,de_train
"['Prison Sex', 'Team Alpha Wolves']",Jun 8 18,de_mirage
"['Five Kings', 'Team Alpha Wolves']",Jun 13 18,de_mirage
"['Team Alpha Wolves', 'United Bangers']",Jun 25 18,de_train
"['PONY', 'Team Alpha Wolves']",Jun 28 18,de_cache
"['ONEBOULETTE', 'Team Alpha Wolves']",Jul 4 18,de_inferno
"['HOT BOY SQUAD', 'Team Alpha Wolves']",Jul 6 18,de_mirage
"['Aranea', 'Team Alpha Wolves']",Jul 9 18,de_inferno
"['Mediocre Team', 'Team Alpha Wolves']",Jul 10 18,de_train
"['Silent Empire', 'Team Alpha Wolves']",Jul 12 18,de_cache
"['Bloom eSports', 'Deception Gaming']",May 28 18,de_cache
"['Deception Gaming', 'Zealous-GG']",May 30 18,de_inferno
"['Deception Gaming', 'Northeastern-U RED']",Jun 4 18,de_cache
"['Aranea', 'Deception Gaming']",Jun 8 18,de_overpass
"['Deception Gaming', 'The Bastards']",Jun 11 18,de_mirage
"['Deception Gaming', 'Electric Pistols']",Jun 14 18,de_inferno
"['Deception Gaming', 'PHENOM REBORN ASC...']",Jun 22 18,de_overpass
"['Deception Gaming', 'Feels IM Man']",Jun 25 18,de_cache
"['Deception Gaming', 'The Burger People']",Jun 29 18,de_inferno
"['Deception Gaming', 'Poseidon eSports NA']",Jul 6 18,de_cache
"['Class Is In Sessi...', 'Deception Gaming']",Jul 9 18,de_mirage
"['Deception Gaming', 'Move 37 Gaming']",Jul 16 18,de_overpass
"['Driven to Insanity', 'Habibis Workshop']",May 25 18,de_cache
"['BOYS ARE BACK', 'Driven to Insanity']",Jun 7 18,de_cache
"['Driven to Insanity', 'ben shapiro fan club']",Jun 11 18,de_cache
"['Driven to Insanity', 'nL']",Jun 13 18,de_train
"['Driven to Insanity', 'The Hunny Badgers']",Jun 16 18,de_mirage
"['Driven to Insanity', 'Omnivium']",Jun 19 18,de_inferno
"['Crime Mob', 'Driven to Insanity']",Jun 22 18,de_inferno
"['Driven to Insanity', 'UC Rejects CSGO']",Jun 29 18,de_cache
"['Driven to Insanity', 'Super Keyboard Wa...']",Jul 6 18,de_inferno
"['Driven to Insanity', 'Literature Club']",Jul 12 18,de_nuke
"['Driven to Insanity', 'Hentai Queens']",Jul 16 18,de_mirage
"['Higher Power', 'Malice Gaming']",May 25 18,de_overpass
"['Higher Power', 'The Bastards']",Jun 1 18,de_mirage
"['Higher Power', 'Prison Sex']",Jun 11 18,de_mirage
"['Higher Power', 'The beasty boys']",Jun 14 18,de_inferno
"['Higher Power', 'Northeastern-U RED']",Jun 15 18,de_inferno
"['Daddies Get Baddies', 'Higher Power']",Jun 21 18,de_overpass
"['Clam Shack Clapba...', 'Higher Power']",Jun 28 18,de_train
"['Higher Power', 'Team Wisdom']",Jun 29 18,de_inferno
"['Higher Power', 'Skeet Skeet Water...']",Jul 3 18,de_overpass
"['Higher Power', 'Victims of the Ti...']",Jul 11 18,de_inferno
"['Class Is In Sessi...', 'PHENOM REBORN ASC...']",May 24 18,de_inferno
"['Class Is In Sessi...', 'The beasty boys']",May 25 18,de_inferno
"['Animus Gaming', 'Class Is In Sessi...']",Jun 1 18,de_mirage
"['Class Is In Sessi...', 'Erupt  eSports']",Jun 8 18,de_cache
"['Class Is In Sessi...', 'Mobility-Gaming']",Jun 13 18,de_inferno
"['Clam Shack Clapba...', 'Class Is In Sessi...']",Jun 25 18,de_overpass
"['Class Is In Sessi...', 'Victims of the Ti...']",Jun 29 18,de_inferno
"['Class Is In Sessi...', 'Skeet Skeet Water...']",Jul 4 18,de_inferno
"['Class Is In Sessi...', 'Grain Bin Boyz']",Jul 13 18,de_dust2
"['Chill Town', 'Omnivium']",May 28 18,de_train
"['Chill Town', 'New Beginnings']",May 30 18,de_overpass
"['Average Joes Gym', 'Chill Town']",Jun 1 18,de_mirage
"['Chill Town', 'TEAM NICK']",Jun 7 18,de_nuke
"['Chill Town', 'UnderGods-']",Jun 11 18,de_nuke
"['Chill Town', 'Imported Goods']",Jun 18 18,de_inferno
"['Chill Town', 'Great Dango Family']",Jun 21 18,Pending Veto
"['Chill Town', 'wat']",Jun 25 18,de_inferno
"['Chill Town', 'Urban Assault']",Jul 4 18,de_train
"['Chill Town', 'Noxious-']",Jul 8 18,de_nuke
"['Chill Town', 'OP']",Jul 11 18,de_train
"['Chill Town', 'Never trying']",Jul 13 18,de_overpass
"['Chill Town', 'LoS Pistoleros']",Jul 15 18,de_cache
"['Move 37 Gaming', 'The beasty boys']",May 23 18,de_cache
"['Empire', 'Move 37 Gaming']",May 27 18,de_train
"['MoZZY', 'Move 37 Gaming']",Jun 4 18,de_inferno
"['Move 37 Gaming', 'Zealous-GG']",Jun 6 18,de_cache
"['Move 37 Gaming', 'Zero Chemistry']",Jun 7 18,de_dust2
"['Move 37 Gaming', 'The Part Time Pop...']",Jun 18 18,de_inferno
"['Move 37 Gaming', 'Rigolo Raisin']",Jun 20 18,de_overpass
"['Five Kings', 'Move 37 Gaming']",Jun 26 18,de_inferno
"['Move 37 Gaming', 'survivor']",Jun 27 18,de_cache
"['Move 37 Gaming', 'PONY']",Jul 2 18,de_cache
"['LeTrainTiltant', 'Move 37 Gaming']",Jul 7 18,de_overpass
"['Farquaad Squad', 'Move 37 Gaming']",Jul 8 18,de_inferno
"['Lasgana Boys', 'Last Picks']",May 22 18,de_mirage
"['Last Picks', 'The Burger People']",May 28 18,de_nuke
"['Last Picks', 'Team Wisdom']",Jun 2 18,de_cache
"['Last Picks', 'PONY']",Jun 4 18,de_dust2
"['Last Picks', 'Silent Assassins']",Jun 15 18,de_overpass
"['Last Picks', 'MoZZY']",Jun 18 18,de_cache
"['Flipping table crew', 'Last Picks']",Jun 21 18,de_mirage
"['EWOKGODSQUAD', 'Last Picks']",Jun 25 18,de_train
"['Last Picks', 'Rigolo Raisin']",Jun 28 18,de_train
"['Last Picks', 'Silent Empire']",Jul 2 18,de_overpass
"['Last Picks', 'Zero Chemistry']",Jul 6 18,de_train
"['Last Picks', 'PHENOM REBORN ASC...']",Jul 9 18,de_overpass
"['Last Picks', 'W E E B B U S T E...']",Jul 11 18,de_nuke
"['Feels IM Man', 'Last Picks']",Jul 13 18,de_train
"['Manly Men', 'carBOMB']",May 23 18,de_cache
"['Fierce Gaming', 'carBOMB']",May 29 18,de_cache
"['LoS Pistoleros', 'carBOMB']",May 30 18,de_inferno
"['Noxious-', 'carBOMB']",May 31 18,de_inferno
"['Purge Gaming', 'carBOMB']",Jun 6 18,de_inferno
"['Past My Bedtime', 'carBOMB']",Jun 15 18,de_overpass
"['NRS', 'carBOMB']",Jun 20 18,de_mirage
"['Urban Assault', 'carBOMB']",Jun 25 18,de_overpass
"['World Peace', 'carBOMB']",Jun 27 18,de_inferno
"['Vae Timidis', 'carBOMB']",Jul 2 18,de_overpass
"['34', 'carBOMB']",Jul 3 18,de_mirage
"['carBOMB', 'this bitch empty']",Jul 9 18,de_inferno
"['Cat Squad Returns', 'carBOMB']",Jul 11 18,de_mirage
"['Gods with Attitude', 'carBOMB']",Jul 12 18,de_mirage
"['Empire', 'HOT BOY SQUAD']",Jun 2 18,de_cache
"['Dead Presidents', 'Empire']",Jun 4 18,de_inferno
"['Empire', 'Noble xD']",Jun 11 18,de_inferno
"['Empire', 'Team Mutinous']",Jun 15 18,de_mirage
"['But What If', 'Empire']",Jun 19 18,de_inferno
"['Empire', 'Northeastern-U RED']",Jun 24 18,de_inferno
"['Empire', 'Oceanic Squad']",Jul 2 18,de_mirage
"['Empire', 'buffet of trash']",Jul 3 18,de_inferno
"['Empire', 'ExPURE']",Jul 9 18,de_train
"['DamageOverTime', 'Visionary - eSports']",May 23 18,de_dust2
"['DamageOverTime', 'Victims of the Ti...']",May 25 18,de_mirage
"['DamageOverTime', 'Mobility-Gaming']",May 30 18,de_inferno
"['DamageOverTime', 'Silent Assassins']",Jun 6 18,de_cache
"['DamageOverTime', 'Mediocre Team']",Jun 11 18,de_train
"['DamageOverTime', 'Zealous-GG']",Jun 13 18,de_mirage
"['DamageOverTime', 'Skeet Skeet Water...']",Jun 18 18,de_train
"['DamageOverTime', 'The Burger People']",Jun 19 18,de_train
"['DamageOverTime', 'Team Mutinous']",Jun 27 18,de_mirage
"['DamageOverTime', 'Phat Brain']",Jul 4 18,de_inferno
"['DamageOverTime', 'hitbox-']",Jul 9 18,Pending Veto
"['DamageOverTime', 'Feels IM Man']",Jul 17 18,de_cache
"['Cat Squad Returns', 'Hentai Queens']",May 23 18,de_overpass
"['Cat Squad Returns', 'Hooked Academy']",May 25 18,de_inferno
"['Cat Squad Returns', 'Exsilium Esports']",Jun 1 18,de_inferno
"['Cat Squad Returns', 'PUGTHUGZ']",Jun 1 18,de_mirage
"['Cat Squad Returns', 'ded esports']",Jun 8 18,de_train
"['Cat Squad Returns', 'Purge Gaming']",Jun 11 18,de_mirage
"['Cat Squad Returns', 'Montes Money Bois']",Jun 13 18,de_dust2
"['Cat Squad Returns', 'Earth Dragon']",Jun 18 18,de_nuke
"['Cat Squad Returns', 'Literature Club']",Jun 20 18,de_dust2
"['Bad Intentions', 'Cat Squad Returns']",Jun 22 18,de_train
"['Cat Squad Returns', 'Gods with Attitude']",Jul 2 18,de_train
"['Cat Squad Returns', 'UC Rejects CSGO']",Jul 4 18,de_mirage
"['Cat Squad Returns', 'Deadnauts']",Jul 9 18,de_nuke
"['Cat Squad Returns', 'Probably Panicking']",Jul 11 18,de_overpass
"['CZ5', 'Defy Rebellion']",May 24 18,de_overpass
"['Defy Rebellion', 'Vae Timidis']",May 30 18,de_mirage
"['Defy Rebellion', 'World Peace']",Jun 10 18,de_overpass
"['Defy Rebellion', 'UnderGods-']",Jun 15 18,de_cache
"['Defy Rebellion', 'Last Alive']",Jul 4 18,de_inferno
"['Defy Rebellion', 'MixedReviews']",Jul 9 18,de_inferno
"['Literature Club', 'Night Prowlers CS']",May 26 18,de_train
"['Night Prowlers CS', 'the pussy patrol']",May 29 18,de_inferno
"['Night Prowlers CS', 'ded esports']",Jun 1 18,de_cache
"['Night Prowlers CS', 'World Peace']",Jun 4 18,de_overpass
"['Deadnauts', 'Night Prowlers CS']",Jun 7 18,de_overpass
"['Night Prowlers CS', 'Parrot Battalion']",Jun 25 18,de_overpass
"['Night Prowlers CS', 'UC Rejects CSGO']",Jul 2 18,de_inferno
"['New Beginnings', 'Night Prowlers CS']",Jul 9 18,de_inferno
"['Night Prowlers CS', 'Team Verum']",Jul 12 18,de_cache
"['Night Prowlers CS', 'Noxious-']",Jul 16 18,de_inferno
"['Average Joes Gym', 'The Hunny Badgers']",May 23 18,de_nuke
"['Average Joes Gym', 'Fierce Gaming']",May 31 18,de_cache
"['Average Joes Gym', 'wat']",Jun 6 18,de_nuke
"['Average Joes Gym', 'CZ5']",Jun 8 18,de_dust2
"['Average Joes Gym', 'Urban Assault']",Jun 13 18,de_cache
"['Average Joes Gym', 'World Peace']",Jun 15 18,de_nuke
"['Average Joes Gym', 'Chivalry eSports']",Jun 21 18,de_mirage
"['Average Joes Gym', 'Mother Puggers']",Jun 27 18,de_train
"['Average Joes Gym', 'Gods with Attitude']",Jun 29 18,de_dust2
"['Average Joes Gym', 'LoliBread']",Jul 4 18,de_mirage
"['Average Joes Gym', 'Exsilium Esports']",Jul 10 18,de_mirage
"['Average Joes Gym', 'Deadnauts']",Jul 13 18,de_train
"['MixedReviews', 'Vae Timidis']",May 28 18,de_inferno
"['Corporate Punishment', 'MixedReviews']",May 28 18,de_inferno
"['Great Dango Family', 'MixedReviews']",May 31 18,de_train
"['6o8', 'MixedReviews']",Jun 2 18,de_cache
"['CZ5', 'MixedReviews']",Jun 13 18,de_mirage
"['MixedReviews', 'Purge Gaming']",Jun 14 18,de_mirage
"['Hooked Academy', 'MixedReviews']",Jun 18 18,de_inferno
"['MixedReviews', 'Probably Panicking']",Jun 23 18,de_mirage
"['BedTmeBangers', 'MixedReviews']",Jun 25 18,de_dust2
"['Flashpoint Gaming', 'MixedReviews']",Jun 30 18,de_inferno
"['New Beginnings', 'afraid']",May 23 18,de_mirage
"['Hi', 'afraid']",May 25 18,de_inferno
"['LoliBread', 'afraid']",May 30 18,de_mirage
"['BOYS ARE BACK', 'afraid']",Jun 5 18,de_inferno
"['34', 'afraid']",Jun 12 18,de_mirage
"['LEGENDS', 'afraid']",Jun 15 18,de_dust2
"['Desert Dynasty', 'afraid']",Jun 19 18,de_inferno
"['Deadnauts', 'afraid']",Jun 21 18,de_inferno
"['Get Five Gaming', 'afraid']",Jun 25 18,de_cache
"['She Wasnt 18', 'afraid']",Jun 27 18,de_dust2
"['Decisive Esports', 'afraid']",Jun 28 18,de_inferno
"['UnderGods-', 'afraid']",Jul 10 18,de_inferno
"['Nfinite', 'Outrageously Old ...']",May 23 18,de_inferno
"['Nfinite', 'The Hunny Badgers']",May 28 18,de_mirage
"['34', 'Nfinite']",May 30 18,de_mirage
"['Nfinite', 'Parrot Battalion']",Jun 1 18,de_mirage
"['Newbies Not Opera...', 'Nfinite']",Jun 6 18,de_nuke
"['Flashpoint Gaming', 'Nfinite']",Jun 11 18,de_mirage
"['Hooked Academy', 'Nfinite']",Jun 13 18,de_overpass
"['Nfinite', 'UnderGods-']",Jun 20 18,de_overpass
"['LoliBread', 'Nfinite']",Jun 21 18,de_inferno
"['Nfinite', 'Super Keyboard Wa...']",Jul 9 18,de_overpass
"['New Beginnings', 'Nfinite']",Jul 11 18,de_cache
"['Exsilium Esports', 'Nfinite']",Jul 16 18,de_overpass
"['Cloud9Academy', 'Gods with Attitude']",May 23 18,de_train
"['Gods with Attitude', 'Super Keyboard Wa...']",May 30 18,de_inferno
"['Gods with Attitude', 'Outrageously Old ...']",Jun 4 18,de_cache
"['Exsilium Esports', 'Gods with Attitude']",Jun 11 18,de_train
"['Gods with Attitude', 'World Peace']",Jun 14 18,de_nuke
"['34', 'Gods with Attitude']",Jun 18 18,de_inferno
"['Gods with Attitude', 'Probably Panicking']",Jun 21 18,de_cache
"['Gods with Attitude', 'LoliBread']",Jul 6 18,de_dust2
"['Gods with Attitude', 'Parrot Battalion']",Jul 10 18,de_train
"['Literature Club', 'Super Keyboard Wa...']",May 26 18,de_inferno
"['Literature Club', 'Omnivium']",Jun 4 18,de_train
"['Literature Club', 'nL']",Jun 6 18,de_train
"['Literature Club', 'New Horizon']",Jun 7 18,de_mirage
"['Literature Club', 'Triggered Trash']",Jun 15 18,de_mirage
"['LEGENDS', 'Literature Club']",Jun 17 18,de_overpass
"['Literature Club', 'TEAM NICK']",Jun 25 18,de_nuke
"['Literature Club', 'Noxious-']",Jun 28 18,de_nuke
"['Literature Club', 'Parrot Battalion']",Jun 29 18,de_dust2
"['CZ5', 'Parrot Battalion']",May 25 18,de_train
"['Parrot Battalion', 'Team Verum']",May 28 18,de_inferno
"['6o8', 'Parrot Battalion']",Jun 1 18,de_cache
"['LoS Pistoleros', 'Parrot Battalion']",Jun 11 18,de_inferno
"['Flashpoint Gaming', 'Parrot Battalion']",Jun 13 18,de_mirage
"['Parrot Battalion', 'Super Keyboard Wa...']",Jun 15 18,de_cache
"['Noxious-', 'Parrot Battalion']",Jun 22 18,de_train
"['Parrot Battalion', 'UC Rejects CSGO']",Jul 16 18,de_overpass
"['Falcons-GG', 'Parrot Battalion']",Jul 18 18,de_train
"['Decisive Esports', 'Probably Panicking']",May 24 18,de_mirage
"['Probably Panicking', 'The Hunny Badgers']",Jun 1 18,de_overpass
"['Masked Esports', 'Probably Panicking']",Jun 4 18,de_overpass
"['Flashpoint Gaming', 'Probably Panicking']",Jun 7 18,de_mirage
"['Meet Your Maker', 'Probably Panicking']",Jun 11 18,Pending Veto
"['Mother Puggers', 'Probably Panicking']",Jun 14 18,de_train
"['Noxious-', 'Probably Panicking']",Jun 28 18,de_inferno
"['Probably Panicking', 'fudgey fucking blows']",Jul 2 18,Pending Veto
"['Probably Panicking', 'Urban Assault']",Jul 9 18,de_overpass
"['Mother Puggers', 'Reality CS']",May 22 18,de_mirage
"['Bad Intentions', 'Mother Puggers']",May 30 18,de_mirage
"['Mother Puggers', 'SyntheticDreamz']",Jun 6 18,de_mirage
"['Goomba Squad', 'Mother Puggers']",Jun 8 18,de_inferno
"['Mother Puggers', 'Thicc Sweaty Llamas']",Jun 13 18,de_dust2
"['Mother Puggers', 'UC Rejects CSGO']",Jun 16 18,de_mirage
"['LoliBread', 'Mother Puggers']",Jun 29 18,de_nuke
"['Imported Goods', 'Mother Puggers']",Jul 4 18,de_nuke
"['Mother Puggers', 'World Peace']",Jul 9 18,de_mirage
"['Chivalry eSports', 'Mother Puggers']",Jul 11 18,de_inferno
"['Mother Puggers', 'this bitch empty']",Jul 16 18,de_nuke
"['Thicc Sweaty Llamas', 'Urban Assault']",May 24 18,de_overpass
"['Last Alive', 'Urban Assault']",May 28 18,de_cache
"['Bad Intentions', 'Urban Assault']",Jun 7 18,de_mirage
"['Urban Assault', 'Windex_Ninjas']",Jun 12 18,de_cache
"['Past My Bedtime', 'Urban Assault']",Jun 19 18,de_mirage
"['Urban Assault', 'this bitch empty']",Jun 20 18,de_overpass
"['Instant Shock', 'Urban Assault']",Jun 27 18,de_overpass
"['DreamTanks', 'Urban Assault']",Jul 9 18,de_dust2
"['Chivalry eSports', 'wat']",May 31 18,de_overpass
"['Chivalry eSports', 'nL']",Jun 4 18,de_cache
"['Chivalry eSports', 'OP']",Jun 8 18,de_dust2
"['Chivalry eSports', 'Vae Timidis']",Jun 11 18,de_mirage
"['Chivalry eSports', 'Masked Esports']",Jun 16 18,de_cache
"['Chivalry eSports', 'Flashpoint Gaming']",Jun 22 18,de_mirage
"['Chivalry eSports', 'UnderGods-']",Jun 29 18,de_overpass
"['Chivalry eSports', 'Exsilium Esports']",Jul 4 18,de_mirage
"['Chivalry eSports', 'Imported Goods']",Jul 9 18,de_inferno
"['Chivalry eSports', 'Team Verum']",Jul 13 18,de_dust2
"['Last Alive', 'Yee Yee Boys']",Jun 4 18,de_cache
"['Last Alive', 'Thicc Sweaty Llamas']",Jun 6 18,de_mirage
"['Falcons-GG', 'Last Alive']",Jun 11 18,de_cache
"['Last Alive', 'Silent Gaming']",Jun 12 18,de_nuke
"['Desert Dynasty', 'Last Alive']",Jun 13 18,de_inferno
"['Last Alive', 'Windex_Ninjas']",Jun 14 18,de_nuke
"['Last Alive', 'wat']",Jun 20 18,de_inferno
"['Great Dango Family', 'Last Alive']",Jun 25 18,Pending Veto
"['Noxious-', 'wat']",May 23 18,de_overpass
"['New Horizon', 'wat']",May 23 18,Pending Veto
"['Never trying', 'wat']",Jun 18 18,de_nuke
"['Super Keyboard Wa...', 'wat']",Jul 4 18,de_inferno
"['New Beginnings', 'wat']",Jul 18 18,Pending Veto
"['TEAM NICK', 'Vae Timidis']",May 23 18,de_nuke
"['Cx', 'Vae Timidis']",Jun 6 18,de_mirage
"['Fierce Gaming', 'Vae Timidis']",Jun 13 18,de_inferno
"['Vae Timidis', 'Will Frag For Food']",Jun 18 18,de_cache
"['CyberStormGG', 'Vae Timidis']",Jun 20 18,de_cache
"['Illini Esports Or...', 'Vae Timidis']",Jun 25 18,de_cache
"['Get Five Gaming', 'Vae Timidis']",Jun 27 18,de_inferno
"['OP', 'Vae Timidis']",Jul 9 18,de_cache
"['Past My Bedtime', 'Vae Timidis']",Jul 9 18,de_train
"['DreamTanks', 'Vae Timidis']",Jul 11 18,de_train
"['LoliBread', 'Vae Timidis']",Jul 16 18,de_inferno
"['Earth Dragon', 'Great Dango Family']",May 23 18,de_train
"['Earth Dragon', 'Hentai Queens']",May 30 18,de_inferno
"['Earth Dragon', 'Instant Shock']",Jun 4 18,de_inferno
"['Earth Dragon', 'Team Verum']",Jun 6 18,de_dust2
"['Earth Dragon', 'LoliBread']",Jun 8 18,de_train
"['Cloud9Academy', 'Earth Dragon']",Jun 13 18,de_train
"['Earth Dragon', 'Past My Bedtime']",Jun 20 18,de_dust2
"['Earth Dragon', 'LoS Pistoleros']",Jun 25 18,de_inferno
"['Earth Dragon', 'Looking for 0RG']",Jun 27 18,de_overpass
"['Earth Dragon', 'World Peace']",Jul 2 18,de_inferno
"['Earth Dragon', 'haha yes']",Jul 9 18,Pending Veto
"['BedTmeBangers', 'Earth Dragon']",Jul 9 18,de_dust2
"['Decisive Esports', 'Earth Dragon']",Jul 11 18,de_cache
"['Earth Dragon', 'Illini Esports Or...']",Jul 16 18,de_cache
"['Flashpoint Gaming', 'Instant Shock']",May 22 18,de_inferno
"['Flashpoint Gaming', 'Meet Your Maker']",Jun 4 18,de_inferno
"['DreamTanks', 'Flashpoint Gaming']",Jun 15 18,de_inferno
"['Flashpoint Gaming', 'Gentleman Dignity']",Jun 25 18,de_dust2
"['BedTmeBangers', 'TEAM NICK']",May 28 18,de_cache
"['Montes Money Bois', 'TEAM NICK']",Jun 1 18,de_train
"['Noxious-', 'TEAM NICK']",Jun 15 18,de_overpass
"['34', 'TEAM NICK']",Jun 27 18,de_inferno
"['OP', 'TEAM NICK']",Jun 29 18,de_nuke
"['Decisive Esports', 'TEAM NICK']",Jul 3 18,de_overpass
"['6o8', 'TEAM NICK']",Jul 9 18,de_inferno
"['LoS Pistoleros', 'TEAM NICK']",Jul 12 18,de_mirage
"['Crime Mob', 'TEAM NICK']",Jul 13 18,de_inferno
"['Gentleman Dignity', 'Skyline GG']",May 24 18,de_train
"['CZ5', 'Skyline GG']",Jun 4 18,de_inferno
"['Habibis Workshop', 'Skyline GG']",Jun 23 18,de_cache
"['LEGENDS', 'Skyline GG']",Jun 25 18,de_dust2
"['Corporate Punishment', 'Skyline GG']",Jun 26 18,de_cache
"['Skyline GG', 'Yee Yee Boys']",Jul 6 18,de_mirage
"['PUGTHUGZ', 'Skyline GG']",Jul 6 18,de_mirage
"['Skyline GG', 'sireaLz']",Jul 12 18,de_overpass
"['Skyline GG', 'Triggered Trash']",Jul 16 18,de_dust2
"['Hentai Queens', 'Hi']",Jun 2 18,de_inferno
"['Deadnauts', 'Hentai Queens']",Jun 6 18,de_train
"['CyberStormGG', 'Hentai Queens']",Jun 11 18,de_cache
"['Exsilium Esports', 'Hentai Queens']",Jun 15 18,de_mirage
"['Gentleman Dignity', 'Hentai Queens']",Jun 18 18,de_cache
"['Hentai Queens', 'Imported Goods']",Jun 26 18,de_cache
"['Hentai Queens', 'Instant Shock']",Jun 28 18,de_inferno
"['Synical6', 'this bitch empty']",May 31 18,de_mirage
"['Crime Mob', 'this bitch empty']",Jun 4 18,de_cache
"['NRS', 'this bitch empty']",Jun 14 18,de_cache
"['DreamTanks', 'this bitch empty']",Jun 18 18,de_cache
"['Triggered Trash', 'this bitch empty']",Jun 21 18,de_train
"['BedTmeBangers', 'this bitch empty']",Jul 2 18,de_cache
"['fudgey fucking blows', 'this bitch empty']",Jul 4 18,de_inferno
"['UnderGods-', 'this bitch empty']",Jul 13 18,de_cache
"['Falcons-GG', 'UC Rejects CSGO']",May 28 18,de_train
"['Desert Dynasty', 'Falcons-GG']",Jun 4 18,de_train
"['Bad Intentions', 'Falcons-GG']",Jun 6 18,de_mirage
"['Falcons-GG', 'New Beginnings']",Jun 13 18,de_inferno
"['Falcons-GG', 'SyntheticDreamz']",Jun 13 18,de_inferno
"['BOYS ARE BACK', 'Falcons-GG']",Jun 15 18,de_mirage
"['Falcons-GG', 'The Hunny Badgers']",Jun 20 18,de_inferno
"['Falcons-GG', 'Reality CS']",Jun 22 18,de_inferno
"['Crime Mob', 'Falcons-GG']",Jun 26 18,de_overpass
"['Falcons-GG', 'Yee Yee Boys']",Jul 2 18,de_dust2
"['Falcons-GG', 'UnderGods-']",Jul 7 18,de_inferno
"['Instant Shock', 'LoS Pistoleros']",May 29 18,de_inferno
"['1ms', 'Instant Shock']",May 30 18,de_inferno
"['Instant Shock', 'World Peace']",Jun 11 18,de_overpass
"['Instant Shock', 'Montes Money Bois']",Jun 12 18,de_inferno
"['Instant Shock', 'Reality CS']",Jun 22 18,de_train
"['Instant Shock', 'the pussy patrol']",Jun 29 18,de_train
"['Hooked Academy', 'Instant Shock']",Jul 4 18,de_dust2
"['Instant Shock', 'UC Rejects CSGO']",Jul 9 18,de_overpass
"['Instant Shock', 'Yee Yee Boys']",Jul 11 18,de_train
"['Instant Shock', 'Triggered Trash']",Jul 16 18,de_dust2
"['34', 'Looking for 0RG']",Jun 4 18,de_inferno
"['34', 'NRS']",Jun 6 18,de_mirage
"['34', '5th Power']",Jun 15 18,de_inferno
"['34', 'the pussy patrol']",Jun 21 18,de_mirage
"['34', 'Imported Goods']",Jul 2 18,de_inferno
"['34', 'Hooked Academy']",Jul 9 18,de_inferno
"['34', 'Noxious-']",Jul 13 18,de_nuke
"['34', 'Goomba Squad']",Jul 17 18,de_train
"['LoS Pistoleros', 'OP']",Jun 3 18,de_inferno
"['LoS Pistoleros', 'Omnivium']",Jun 6 18,de_dust2
"['Illini Esports Or...', 'LoS Pistoleros']",Jun 18 18,de_cache
"['LoS Pistoleros', 'nL']",Jun 20 18,de_train
"['LoS Pistoleros', 'NRS']",Jun 27 18,de_cache
"['LoS Pistoleros', 'SyntheticDreamz']",Jul 2 18,de_train
"['LoS Pistoleros', 'She Wasnt 18']",Jul 4 18,de_dust2
"['Decisive Esports', 'LoS Pistoleros']",Jul 9 18,de_overpass
"['Hooked Academy', 'Masked Esports']",May 24 18,de_mirage
"['DreamTanks', 'Hooked Academy']",May 30 18,de_cache
"['BedTmeBangers', 'Hooked Academy']",Jun 4 18,de_cache
"['Decisive Esports', 'Hooked Academy']",Jun 6 18,de_cache
"['Hooked Academy', 'Noxious-']",Jun 11 18,de_overpass
"['HellKittens', 'Hooked Academy']",Jun 20 18,de_inferno
"['Hooked Academy', 'Omnivium']",Jun 27 18,de_inferno
"['Hooked Academy', 'UnderGods-']",Jul 11 18,de_mirage
"['Goomba Squad', 'Hooked Academy']",Jul 16 18,de_overpass
"['Desert Dynasty', 'Windex_Ninjas']",May 21 18,de_mirage
"['Desert Dynasty', 'UC Rejects CSGO']",May 25 18,de_train
"['Desert Dynasty', 'Never trying']",Jun 6 18,de_cache
"['Desert Dynasty', 'Goomba Squad']",Jun 11 18,de_mirage
"['Desert Dynasty', 'Silent Gaming']",Jun 20 18,de_train
"['Desert Dynasty', 'Reality CS']",Jun 29 18,de_train
"['1ms', 'Desert Dynasty']",Jun 30 18,de_overpass
"['Desert Dynasty', 'Will Frag For Food']",Jul 4 18,de_mirage
"['Desert Dynasty', 'ben shapiro fan club']",Jul 9 18,de_mirage
"['Desert Dynasty', 'She Wasnt 18']",Jul 11 18,de_mirage
"['BOYS ARE BACK', 'Desert Dynasty']",Jul 12 18,de_mirage
"['Team Verum', 'sireaLz']",May 23 18,de_train
"['Sassy Sunshines', 'Team Verum']",Jun 4 18,de_train
"['NRS', 'Team Verum']",Jun 15 18,de_cache
"['OP', 'Team Verum']",Jun 22 18,de_cache
"['Team Verum', 'haha yes']",Jun 27 18,de_cache
"['Deadnauts', 'Team Verum']",Jul 4 18,de_train
"['Exsilium Esports', 'Team Verum']",Jul 6 18,de_dust2
"['BedTmeBangers', 'Exsilium Esports']",May 25 18,de_inferno
"['Exsilium Esports', 'HellKittens']",May 28 18,de_dust2
"['Exsilium Esports', 'Fews Money Crew']",Jun 4 18,de_inferno
"['Exsilium Esports', 'She Wasnt 18']",Jun 6 18,de_mirage
"['Exsilium Esports', 'Super Keyboard Wa...']",Jun 27 18,de_mirage
"['Exsilium Esports', 'Never trying']",Jul 2 18,de_cache
"['DreamTanks', 'Sassy Sunshines']",May 22 18,de_cache
"['CyberStormGG', 'DreamTanks']",May 25 18,de_inferno
"['DreamTanks', 'Habibis Workshop']",Jun 6 18,de_mirage
"['DreamTanks', 'Synical6']",Jun 7 18,de_mirage
"['DreamTanks', 'Noxious-']",Jul 6 18,de_mirage
"['DreamTanks', 'OP']",Jul 13 18,de_cache
"['Omaha Foxes', 'Purge Gaming']",May 22 18,de_mirage
"['Cx', 'Purge Gaming']",May 28 18,de_mirage
"['Purge Gaming', 'sireaLz']",May 30 18,de_inferno
"['New Beginnings', 'Purge Gaming']",Jun 20 18,de_mirage
"['Purge Gaming', 'Sassy Sunshines']",Jun 21 18,de_inferno
"['Purge Gaming', 'the pussy patrol']",Jun 28 18,de_overpass
"['Purge Gaming', 'fudgey fucking blows']",Jun 29 18,de_mirage
"['Habibis Workshop', 'Purge Gaming']",Jul 6 18,de_inferno
"['Get Five Gaming', 'Purge Gaming']",Jul 9 18,de_inferno
"['Purge Gaming', 'Silent Gaming']",Jul 11 18,de_inferno
"['Omnivium', 'Purge Gaming']",Jul 16 18,de_cache
"['Crime Mob', 'nL']",May 28 18,de_cache
"['Crime Mob', 'Will Frag For Food']",Jun 2 18,de_cache
"['Crime Mob', 'NRS']",Jun 9 18,de_cache
"['Crime Mob', 'New Horizon']",Jun 11 18,de_cache
"['Crime Mob', 'Get Five Gaming']",Jun 13 18,de_overpass
"['6o8', 'Crime Mob']",Jun 18 18,de_dust2
"['Crime Mob', 'She Wasnt 18']",Jun 20 18,de_mirage
"['Crime Mob', 'Sassy Sunshines']",Jul 2 18,de_train
"['Crime Mob', 'Goomba Squad']",Jul 3 18,de_cache
"['Crime Mob', 'Gentleman Dignity']",Jul 6 18,de_overpass
"['Crime Mob', 'LoliBread']",Jul 11 18,de_cache
"['Super Keyboard Wa...', 'the pussy patrol']",May 31 18,de_nuke
"['Noxious-', 'Super Keyboard Wa...']",Jun 6 18,de_nuke
"['Past My Bedtime', 'Super Keyboard Wa...']",Jun 11 18,de_overpass
"['BedTmeBangers', 'Super Keyboard Wa...']",Jun 22 18,de_inferno
"['Past My Bedtime', 'the pussy patrol']",May 24 18,de_nuke
"['Omaha Foxes', 'Past My Bedtime']",May 28 18,de_inferno
"['1ms', 'Past My Bedtime']",Jun 4 18,de_cache
"['Past My Bedtime', 'UnderGods-']",Jun 6 18,de_overpass
"['Past My Bedtime', 'sireaLz']",Jun 25 18,de_overpass
"['Past My Bedtime', 'She Wasnt 18']",Jul 2 18,de_nuke
"['Past My Bedtime', 'fudgey fucking blows']",Jul 4 18,de_mirage
"['Never trying', 'Past My Bedtime']",Jul 10 18,de_cache
"['BOYS ARE BACK', 'Habibis Workshop']",May 26 18,de_mirage
"['BOYS ARE BACK', 'PUGTHUGZ']",May 30 18,de_mirage
"['BOYS ARE BACK', 'Yee Yee Boys']",Jun 13 18,de_mirage
"['BOYS ARE BACK', 'Cloud9Academy']",Jun 18 18,de_nuke
"['BOYS ARE BACK', 'Cx']",Jun 25 18,de_cache
"['BOYS ARE BACK', 'CZ5']",Jun 29 18,de_overpass
"['BOYS ARE BACK', 'LEGENDS']",Jul 6 18,de_cache
"['BOYS ARE BACK', 'Corporate Punishment']",Jul 7 18,de_mirage
"['BOYS ARE BACK', 'Omnivium']",Jul 9 18,de_cache
"['Gentleman Dignity', 'New Beginnings']",May 25 18,de_nuke
"['Gentleman Dignity', 'Get Five Gaming']",May 31 18,de_dust2
"['Gentleman Dignity', 'Silent Gaming']",Jun 1 18,de_overpass
"['Deadnauts', 'Gentleman Dignity']",Jun 27 18,de_overpass
"['Gentleman Dignity', 'Triggered Trash']",Jun 29 18,de_mirage
"['Gentleman Dignity', 'Looking for 0RG']",Jul 2 18,de_inferno
"['Fierce Gaming', 'Gentleman Dignity']",Jul 12 18,de_mirage
"['Gentleman Dignity', 'the pussy patrol']",Jul 12 18,de_inferno
"['PUGTHUGZ', 'UnderGods-']",May 24 18,de_inferno
"['6o8', 'UnderGods-']",May 25 18,de_overpass
"['CyberStormGG', 'UnderGods-']",May 31 18,de_inferno
"['NRS', 'UnderGods-']",Jun 1 18,de_inferno
"['Imported Goods', 'Omnivium']",May 24 18,de_mirage
"['Newbies Not Opera...', 'Omnivium']",Jun 7 18,de_dust2
"['OP', 'Omnivium']",Jun 11 18,de_train
"['Omnivium', 'Windex_Ninjas']",Jun 13 18,de_cache
"['Omnivium', 'haha yes']",Jul 4 18,de_inferno
"['Omnivium', 'SyntheticDreamz']",Jul 7 18,de_inferno
"['5th Power', 'Looking for 0RG']",May 22 18,de_cache
"['Looking for 0RG', 'World Peace']",May 25 18,de_overpass
"['Looking for 0RG', 'The Hunny Badgers']",Jun 7 18,de_overpass
"['BedTmeBangers', 'Looking for 0RG']",Jun 11 18,de_overpass
"['Cx', 'Looking for 0RG']",Jun 18 18,de_overpass
"['Looking for 0RG', 'fudgey fucking blows']",Jun 22 18,de_mirage
"['Looking for 0RG', 'Masked Esports']",Jun 25 18,de_overpass
"['Looking for 0RG', 'PUGTHUGZ']",Jun 28 18,de_nuke
"['Looking for 0RG', 'Triggered Trash']",Jul 9 18,de_inferno
"['6o8', 'Looking for 0RG']",Jul 10 18,de_inferno
"['Looking for 0RG', 'sireaLz']",Jul 16 18,de_inferno
"['Bad Intentions', 'Yee Yee Boys']",May 25 18,de_inferno
"['Bad Intentions', 'UC Rejects CSGO']",Jun 11 18,de_cache
"['Bad Intentions', 'BedTmeBangers']",Jun 15 18,de_cache
"['Bad Intentions', 'the pussy patrol']",Jun 18 18,de_mirage
"['Corporate Punishment', 'Cx']",Jun 2 18,de_inferno
"['CZ5', 'Cx']",Jun 13 18,de_dust2
"['Cx', 'Will Frag For Food']",Jun 22 18,de_mirage
"['Cx', 'Fews Money Crew']",Jun 27 18,de_dust2
"['Cx', 'Outrageously Old ...']",Jun 29 18,de_train
"['Cx', 'Reality CS']",Jul 4 18,de_mirage
"['Cx', 'Thicc Sweaty Llamas']",Jul 9 18,de_dust2
"['Cx', 'ben shapiro fan club']",Jul 16 18,de_cache
"['Cx', 'Masked Esports']",Jul 16 18,de_cache
"['Never trying', 'Yee Yee Boys']",May 25 18,de_overpass
"['Never trying', 'Reality CS']",Jun 6 18,de_mirage
"['Goomba Squad', 'Never trying']",Jun 14 18,de_dust2
"['Never trying', 'UC Rejects CSGO']",Jun 15 18,de_overpass
"['Illini Esports Or...', 'Never trying']",Jul 11 18,de_train
"['Fierce Gaming', 'Never trying']",Jul 16 18,de_overpass
"['Triggered Trash', 'World Peace']",May 23 18,de_overpass
"['LoliBread', 'Triggered Trash']",May 25 18,de_cache
"['Montes Money Bois', 'Triggered Trash']",May 28 18,de_cache
"['Synical6', 'Triggered Trash']",Jun 8 18,de_cache
"['PUGTHUGZ', 'Triggered Trash']",Jun 11 18,de_inferno
"['Cloud9Academy', 'Triggered Trash']",Jun 14 18,de_overpass
"['SyntheticDreamz', 'Triggered Trash']",Jul 3 18,de_inferno
"['Corporate Punishment', 'Fierce Gaming']",Jun 7 18,de_train
"['Corporate Punishment', 'Get Five Gaming']",Jun 11 18,de_mirage
"['Corporate Punishment', 'SyntheticDreamz']",Jun 15 18,de_inferno
"['Corporate Punishment', 'fudgey fucking blows']",Jun 25 18,de_inferno
"['Corporate Punishment', 'Masked Esports']",Jun 30 18,de_mirage
"['1ms', 'Corporate Punishment']",Jul 9 18,de_cache
"['BedTmeBangers', 'Corporate Punishment']",Jul 12 18,de_dust2
"['Corporate Punishment', 'Imported Goods']",Jul 16 18,de_mirage
"['New Horizon', 'sireaLz']",May 28 18,Pending Veto
"['Silent Gaming', 'sireaLz']",Jun 11 18,de_cache
"['Decisive Esports', 'sireaLz']",Jun 14 18,de_inferno
"['Yee Yee Boys', 'sireaLz']",Jun 18 18,de_dust2
"['LEGENDS', 'sireaLz']",Jun 25 18,de_cache
"['nL', 'sireaLz']",Jul 2 18,Pending Veto
"['Will Frag For Food', 'sireaLz']",Jul 2 18,de_overpass
"['Fierce Gaming', 'sireaLz']",Jul 9 18,de_cache
"['Illini Esports Or...', 'sireaLz']",Jul 9 18,de_dust2
"['Illini Esports Or...', 'She Wasnt 18']",May 28 18,de_mirage
"['Illini Esports Or...', 'NRS']",May 30 18,de_dust2
"['HellKittens', 'Illini Esports Or...']",Jun 4 18,de_train
"['Illini Esports Or...', 'New Beginnings']",Jun 6 18,de_mirage
"['6o8', 'Illini Esports Or...']",Jun 11 18,de_mirage
"['CZ5', 'Illini Esports Or...']",Jun 21 18,de_dust2
"['Illini Esports Or...', 'nL']",Jun 26 18,de_cache
"['Illini Esports Or...', 'Masked Esports']",Jul 2 18,de_mirage
"['Illini Esports Or...', 'Outrageously Old ...']",Jul 6 18,de_cache
"['Decisive Esports', 'Noxious-']",May 25 18,de_inferno
"['Noxious-', 'She Wasnt 18']",May 30 18,de_nuke
"['6o8', 'SyntheticDreamz']",Jun 25 18,de_inferno
"['6o8', 'haha yes']",Jun 25 18,de_inferno
"['6o8', 'Montes Money Bois']",Jun 26 18,de_mirage
"['6o8', 'the pussy patrol']",Jun 29 18,de_mirage
"['6o8', 'PUGTHUGZ']",Jul 4 18,de_dust2
"['6o8', 'World Peace']",Jul 13 18,de_cache
"['PUGTHUGZ', 'haha yes']",May 28 18,de_dust2
"['Montes Money Bois', 'PUGTHUGZ']",Jun 6 18,de_mirage
"['PUGTHUGZ', 'nL']",Jun 15 18,de_cache
"['PUGTHUGZ', 'SyntheticDreamz']",Jun 22 18,de_overpass
"['Goomba Squad', 'PUGTHUGZ']",Jun 25 18,de_dust2
"['Habibis Workshop', 'PUGTHUGZ']",Jun 29 18,de_dust2
"['PUGTHUGZ', 'World Peace']",Jul 11 18,de_cache
"['PUGTHUGZ', 'She Wasnt 18']",Jul 16 18,de_dust2
"['fudgey fucking blows', 'the pussy patrol']",May 31 18,de_inferno
"['1ms', 'the pussy patrol']",Jun 7 18,de_inferno
"['Deadnauts', 'the pussy patrol']",Jun 15 18,de_inferno
"['Silent Gaming', 'the pussy patrol']",Jul 6 18,de_inferno
"['Montes Money Bois', 'the pussy patrol']",Jul 6 18,de_mirage
"['Sassy Sunshines', 'the pussy patrol']",Jul 12 18,de_inferno
"['Deadnauts', 'Fews Money Crew']",May 29 18,de_overpass
"['Deadnauts', 'Newbies Not Opera...']",Jun 1 18,de_overpass
"['5th Power', 'Deadnauts']",Jun 13 18,de_train
"['Deadnauts', 'nL']",Jun 22 18,de_overpass
"['Deadnauts', 'HellKittens']",Jun 28 18,de_nuke
"['Fews Money Crew', 'Montes Money Bois']",May 22 18,de_train
"['Montes Money Bois', 'OP']",May 26 18,de_inferno
"['Montes Money Bois', 'Synical6']",Jun 18 18,de_mirage
"['Get Five Gaming', 'Montes Money Bois']",Jul 4 18,de_mirage
"['Montes Money Bois', 'Silent Gaming']",Jul 9 18,de_cache
"['Montes Money Bois', 'NRS']",Jul 11 18,de_mirage
"['Montes Money Bois', 'Outrageously Old ...']",Jul 12 18,de_overpass
"['Goomba Squad', 'UC Rejects CSGO']",Jun 1 18,de_train
"['UC Rejects CSGO', 'Windex_Ninjas']",Jun 9 18,de_inferno
"['LEGENDS', 'New Beginnings']",Jun 11 18,de_cache
"['New Beginnings', 'Newbies Not Opera...']",Jun 18 18,Pending Veto
"['Imported Goods', 'New Beginnings']",Jun 21 18,de_overpass
"['World Peace', 'Yee Yee Boys']",Jun 20 18,de_mirage
"['HellKittens', 'Yee Yee Boys']",Jun 29 18,de_dust2
"['She Wasnt 18', 'Yee Yee Boys']",Jul 9 18,de_cache
"['Imported Goods', 'Yee Yee Boys']",Jul 10 18,de_cache
"['Hi', 'World Peace']",May 30 18,de_train
"['World Peace', 'haha yes']",Jun 21 18,de_mirage
"['Sassy Sunshines', 'World Peace']",Jul 6 18,de_mirage
"['Decisive Esports', 'The Hunny Badgers']",Jun 12 18,de_mirage
"['Decisive Esports', 'Thicc Sweaty Llamas']",Jun 21 18,de_mirage
"['CZ5', 'Decisive Esports']",Jun 25 18,de_cache
"['Decisive Esports', 'SyntheticDreamz']",Jun 26 18,de_inferno
"['Decisive Esports', 'Sassy Sunshines']",Jul 14 18,de_overpass
"['BedTmeBangers', 'Outrageously Old ...']",May 30 18,de_overpass
"['BedTmeBangers', 'Meet Your Maker']",Jun 6 18,de_overpass
"['BedTmeBangers', 'HellKittens']",Jul 9 18,de_nuke
"['BedTmeBangers', 'Silent Gaming']",Jul 16 18,de_inferno
"['Goomba Squad', 'SyntheticDreamz']",May 24 18,de_mirage
"['Goomba Squad', 'Reality CS']",May 28 18,de_train
"['Fews Money Crew', 'Goomba Squad']",Jun 11 18,de_nuke
"['Goomba Squad', 'Hi']",Jun 24 18,de_overpass
"['Goomba Squad', 'Silent Gaming']",Jun 28 18,de_mirage
"['CZ5', 'Goomba Squad']",Jun 28 18,de_inferno
"['Hi', 'LEGENDS']",May 23 18,de_overpass
"['5th Power', 'Hi']",Jun 11 18,de_inferno
"['1ms', 'Hi']",Jun 15 18,de_cache
"['Fierce Gaming', 'Hi']",Jun 21 18,de_mirage
"['CyberStormGG', 'Hi']",Jun 25 18,de_cache
"['Hi', 'The Hunny Badgers']",Jun 26 18,de_cache
"['Hi', 'ben shapiro fan club']",Jul 2 18,de_mirage
"['Hi', 'Thicc Sweaty Llamas']",Jul 6 18,de_dust2
"['CZ5', 'Hi']",Jul 8 18,de_overpass
"['Hi', 'Will Frag For Food']",Jul 11 18,de_mirage
"['Hi', 'NRS']",Jul 15 18,de_inferno
"['LoliBread', 'fudgey fucking blows']",May 23 18,de_cache
"['LoliBread', 'haha yes']",Jun 2 18,de_cache
"['NRS', 'OP']",Jun 25 18,de_dust2
"['OP', 'Sassy Sunshines']",Jun 27 18,de_cache
"['New Horizon', 'Silent Gaming']",May 24 18,Pending Veto
"['Meet Your Maker', 'Silent Gaming']",May 31 18,Pending Veto
"['Reality CS', 'Silent Gaming']",Jul 2 18,de_cache
"['Habibis Workshop', 'Silent Gaming']",Jul 9 18,de_mirage
"['CZ5', 'LEGENDS']",Jul 9 18,de_inferno
"['1ms', 'CZ5']",Jul 12 18,de_cache
"['CZ5', 'Fews Money Crew']",Jul 16 18,de_dust2
"['LEGENDS', 'Outrageously Old ...']",Jun 6 18,de_inferno
"['Outrageously Old ...', 'Will Frag For Food']",Jun 12 18,de_overpass
"['Outrageously Old ...', 'ded esports']",Jun 15 18,de_train
"['1ms', 'Outrageously Old ...']",Jun 20 18,de_train
"['Outrageously Old ...', 'ben shapiro fan club']",Jun 26 18,de_mirage
"['Fierce Gaming', 'Outrageously Old ...']",Jun 28 18,de_cache
"['Fews Money Crew', 'Outrageously Old ...']",Jul 4 18,de_dust2
"['Get Five Gaming', 'Outrageously Old ...']",Jul 9 18,de_inferno
"['Manly Men', 'Sassy Sunshines']",May 26 18,de_mirage
"['Sassy Sunshines', 'ben shapiro fan club']",Jun 6 18,de_nuke
"['Sassy Sunshines', 'fudgey fucking blows']",Jul 9 18,Pending Veto
"['Great Dango Family', 'fudgey fucking blows']",Jun 4 18,de_train
"['5th Power', 'Great Dango Family']",Jun 7 18,de_mirage
"['Great Dango Family', 'Imported Goods']",Jun 13 18,de_cache
"['Habibis Workshop', 'LEGENDS']",Jul 2 18,de_inferno
"['LEGENDS', 'SyntheticDreamz']",Jul 11 18,de_inferno
"['CyberStormGG', 'LEGENDS']",Jul 16 18,de_train
"['Thicc Sweaty Llamas', 'Windex_Ninjas']",Jun 11 18,de_inferno
"['Thicc Sweaty Llamas', 'fudgey fucking blows']",Jun 14 18,de_mirage
"['CyberStormGG', 'Thicc Sweaty Llamas']",Jun 15 18,de_inferno
"['Thicc Sweaty Llamas', 'Will Frag For Food']",Jun 24 18,de_overpass
"['Thicc Sweaty Llamas', 'ben shapiro fan club']",Jul 1 18,de_dust2
"['Fews Money Crew', 'Thicc Sweaty Llamas']",Jul 2 18,de_overpass
"['Masked Esports', 'Thicc Sweaty Llamas']",Jul 12 18,de_inferno
"['Get Five Gaming', 'Thicc Sweaty Llamas']",Jul 16 18,de_overpass
"['She Wasnt 18', 'ded esports']",Jun 4 18,de_mirage
"['Fierce Gaming', 'She Wasnt 18']",Jun 11 18,de_cache
"['Reality CS', 'She Wasnt 18']",Jun 14 18,de_mirage
"['Reality CS', 'SyntheticDreamz']",Jun 14 18,de_mirage
"['Habibis Workshop', 'SyntheticDreamz']",Jul 16 18,de_inferno
"['1ms', 'Habibis Workshop']",Jun 10 18,de_cache
"['1ms', 'ben shapiro fan club']",Jun 16 18,de_mirage
"['1ms', 'Fews Money Crew']",Jun 23 18,de_mirage
"['1ms', 'CyberStormGG']",Jun 28 18,de_cache
"['1ms', 'NRS']",Jul 4 18,de_mirage
"['1ms', 'Will Frag For Food']",Jul 13 18,de_mirage
"['Imported Goods', 'ded esports']",May 25 18,de_inferno
"['Imported Goods', 'Masked Esports']",May 30 18,de_mirage
"['Imported Goods', 'Will Frag For Food']",Jun 5 18,de_overpass
"['5th Power', 'fudgey fucking blows']",May 28 18,de_inferno
"['fudgey fucking blows', 'nL']",Jun 10 18,de_train
"['Omaha Foxes', 'fudgey fucking blows']",Jun 11 18,de_inferno
"['Fierce Gaming', 'fudgey fucking blows']",Jun 19 18,de_mirage
"['HellKittens', 'Will Frag For Food']",May 23 18,de_train
"['5th Power', 'HellKittens']",May 31 18,de_overpass
"['HellKittens', 'Omaha Foxes']",Jun 8 18,de_overpass
"['Manly Men', 'haha yes']",Jun 9 18,de_mirage
"['ded esports', 'haha yes']",Jun 11 18,de_dust2
"['CyberStormGG', 'haha yes']",Jun 17 18,de_mirage
"['Fews Money Crew', 'haha yes']",Jun 18 18,de_mirage
"['Masked Esports', 'ben shapiro fan club']",May 28 18,de_cache
"['ben shapiro fan club', 'ded esports']",Jun 12 18,de_overpass
"['Fews Money Crew', 'ben shapiro fan club']",Jun 19 18,de_inferno
"['CyberStormGG', 'ben shapiro fan club']",Jul 4 18,de_inferno
"['Reality CS', 'ben shapiro fan club']",Jul 11 18,de_nuke
"['Get Five Gaming', 'Synical6']",May 28 18,de_dust2
"['Get Five Gaming', 'Habibis Workshop']",Jun 14 18,de_cache
"['Get Five Gaming', 'Masked Esports']",Jun 20 18,de_nuke
"['Get Five Gaming', 'NRS']",Jun 28 18,de_dust2
"['CyberStormGG', 'Fews Money Crew']",Jul 9 18,de_inferno
"['Fews Money Crew', 'Reality CS']",Jul 11 18,de_overpass
"['Fierce Gaming', 'Masked Esports']",Jul 8 18,de_overpass
"['Masked Esports', 'NRS']",Jul 9 18,de_overpass
"['Newbies Not Opera...', 'Will Frag For Food']",Jun 9 18,de_mirage
"['CyberStormGG', 'Will Frag For Food']",Jul 2 18,de_mirage
"['Reality CS', 'Will Frag For Food']",Jul 9 18,de_nuke
"['Habibis Workshop', 'Synical6']",Jun 12 18,de_mirage
"['CyberStormGG', 'Habibis Workshop']",Jul 15 18,de_mirage
"['Newbies Not Opera...', 'The Hunny Badgers']",Jun 13 18,de_overpass
"['Fierce Gaming', 'The Hunny Badgers']",Jun 27 18,de_cache
"['New Horizon', 'Omaha Foxes']",Jun 4 18,de_mirage
"['Newbies Not Opera...', 'Synical6']",May 23 18,de_cache
"['Omaha Foxes', 'Synical6']",Jun 3 18,de_dust2
"['Cloud9Academy', 'Fierce Gaming']",Jun 25 18,de_inferno
"['Meet Your Maker', 'NRS']",May 28 18,de_inferno
"['But What If', 'Grain Bin Boyz']",May 22 18,de_inferno
"['But What If', 'someone say one deag']",May 25 18,de_mirage
"['But What If', 'Feels IM Man']",May 30 18,de_train
"['But What If', 'United Bangers']",Jun 8 18,de_overpass
"['But What If', 'ONEBOULETTE']",Jun 12 18,de_train
"['But What If', 'ExPURE']",Jun 28 18,de_cache
"['But What If', 'buffet of trash']",Jul 9 18,de_overpass
"['Grain Bin Boyz', 'MoZZY']",May 27 18,de_inferno
"['2 Pound Sandwich', 'Grain Bin Boyz']",May 28 18,de_cache
"['Aqua Vitae', 'Grain Bin Boyz']",Jun 6 18,de_train
"['Grain Bin Boyz', 'Poseidon eSports NA']",Jun 11 18,de_mirage
"['Grain Bin Boyz', 'Victims of the Ti...']",Jun 13 18,de_cache
"['Grain Bin Boyz', 'PHENOM REBORN ASC...']",Jun 18 18,de_cache
"['Electric Pistols', 'Grain Bin Boyz']",Jun 25 18,de_mirage
"['Grain Bin Boyz', 'Team Mutinous']",Jun 28 18,de_cache
"['Grain Bin Boyz', 'Team Wisdom']",Jul 6 18,de_cache
"['Aranea', 'The beasty boys']",Jun 1 18,de_cache
"['The beasty boys', 'Zero Chemistry']",Jun 4 18,de_mirage
"['Lasgana Boys', 'The beasty boys']",Jun 7 18,de_overpass
"['Electric Pistols', 'The beasty boys']",Jun 15 18,de_train
"['Team Mutinous', 'The beasty boys']",Jun 21 18,de_cache
"['LeTrainTiltant', 'The beasty boys']",Jun 26 18,de_train
"['Northeastern-U RED', 'The beasty boys']",Jun 29 18,de_cache
"['The beasty boys', 'hitbox-']",Jul 4 18,de_inferno
"['Poseidon eSports NA', 'The beasty boys']",Jul 7 18,de_train
"['Feels IM Man', 'The beasty boys']",Jul 13 18,de_inferno
"['Oceanic Squad', 'The beasty boys']",Jul 16 18,de_inferno
"['13th Hour Gaming', 'Aranea']",May 25 18,de_inferno
"['13th Hour Gaming', 'Electric Pistols']",Jun 4 18,de_train
"['13th Hour Gaming', 'Silent Empire']",Jun 6 18,de_cache
"['13th Hour Gaming', 'Farquaad Squad']",Jun 7 18,de_cache
"['13th Hour Gaming', 'Lasgana Boys']",Jun 19 18,de_cache
"['13th Hour Gaming', 'United Bangers']",Jun 22 18,de_nuke
"['13th Hour Gaming', 'Prison Sex']",Jun 23 18,de_cache
"['13th Hour Gaming', 'Erupt  eSports']",Jun 26 18,de_cache
"['13th Hour Gaming', 'Mediocre Team']",Jun 28 18,de_cache
"['13th Hour Gaming', 'Phat Brain']",Jun 29 18,de_cache
"['13th Hour Gaming', 'what we do']",Jul 7 18,de_nuke
"['13th Hour Gaming', 'Zero Chemistry']",Jul 9 18,de_cache
"['13th Hour Gaming', 'Clam Shack Clapba...']",Jul 12 18,Pending Veto
"['Wikkid Esports', 'buffet of trash']",May 24 18,de_inferno
"['Clam Shack Clapba...', 'buffet of trash']",May 24 18,de_train
"['The Part Time Pop...', 'buffet of trash']",May 30 18,de_nuke
"['Mediocre Team', 'buffet of trash']",Jun 4 18,de_inferno
"['LeTrainTiltant', 'buffet of trash']",Jun 7 18,de_mirage
"['buffet of trash', 'yikeszzz']",Jun 13 18,de_inferno
"['The Burger People', 'buffet of trash']",Jun 15 18,de_train
"['Shot eSports', 'buffet of trash']",Jun 18 18,de_train
"['Silent Empire', 'buffet of trash']",Jun 21 18,de_mirage
"['Skeet Skeet Water...', 'buffet of trash']",Jun 25 18,de_inferno
"['Oceanic Squad', 'Zero Chemistry']",May 23 18,de_inferno
"['Noble xD', 'Oceanic Squad']",May 28 18,de_overpass
"['Oceanic Squad', 'yikeszzz']",May 30 18,de_dust2
"['Flipping table crew', 'Oceanic Squad']",Jun 6 18,de_train
"['Oceanic Squad', 'Prison Sex']",Jun 15 18,de_mirage
"['Constant Rage', 'Oceanic Squad']",Jun 18 18,de_mirage
"['Oceanic Squad', 'W E E B B U S T E...']",Jun 22 18,de_mirage
"['Oceanic Squad', 'Shot eSports']",Jun 24 18,de_mirage
"['Oceanic Squad', 'someone say one deag']",Jul 2 18,de_inferno
"['Clam Shack Clapba...', 'Oceanic Squad']",Jul 6 18,de_inferno
"['LeTrainTiltant', 'Oceanic Squad']",Jul 14 18,de_mirage
"['ONEBOULETTE', 'Poseidon eSports NA']",May 23 18,de_cache
"['Feels IM Man', 'ONEBOULETTE']",May 29 18,de_mirage
"['Clam Shack Clapba...', 'ONEBOULETTE']",May 31 18,de_train
"['ONEBOULETTE', 'Rigolo Raisin']",Jun 4 18,de_mirage
"['Bloom eSports', 'ONEBOULETTE']",Jun 5 18,Pending Veto
"['Animus Gaming', 'ONEBOULETTE']",Jun 6 18,de_overpass
"['Brokeback Mountain', 'ONEBOULETTE']",Jun 15 18,de_train
"['ONEBOULETTE', 'United Bangers']",Jun 20 18,de_cache
"['Dead Presidents', 'ONEBOULETTE']",Jun 25 18,de_overpass
"['ONEBOULETTE', 'yikeszzz']",Jun 26 18,de_mirage
"['ONEBOULETTE', 'survivor']",Jul 2 18,Pending Veto
"['ONEBOULETTE', 'Zealous-GG']",Jul 9 18,de_mirage
"['ONEBOULETTE', 'Zero Chemistry']",Jul 11 18,de_overpass
"['ONEBOULETTE', 'hitbox-']",Jul 16 18,de_train
"['ExPURE', 'Silent Assassins']",May 23 18,de_nuke
"['Silent Assassins', 'Wikkid Esports']",May 31 18,de_inferno
"['Clam Shack Clapba...', 'Silent Assassins']",Jun 4 18,de_nuke
"['Daddies Get Baddies', 'Silent Assassins']",Jun 8 18,de_inferno
"['BLACKPINK', 'Silent Assassins']",Jun 13 18,de_train
"['Silent Assassins', 'someone say one deag']",Jun 20 18,de_mirage
"['Silent Assassins', 'VIRGIN ESPORTS']",Jun 21 18,de_cache
"['Animus Gaming', 'Silent Assassins']",Jun 30 18,de_inferno
"['Rigolo Raisin', 'Silent Assassins']",Jul 4 18,de_inferno
"['Silent Assassins', 'The Part Time Pop...']",Jul 5 18,de_dust2
"['Silent Assassins', 'The Bastards']",Jul 11 18,de_train
"['Flipping table crew', 'Silent Assassins']",Jul 12 18,de_train
"['Silent Assassins', 'The Spectrum']",Jul 19 18,de_dust2
"['Farquaad Squad', 'hitbox-']",May 24 18,de_mirage
"['ExPURE', 'Farquaad Squad']",May 31 18,de_cache
"['Farquaad Squad', 'The Burger People']",Jun 2 18,de_overpass
"['Farquaad Squad', 'MoZZY']",Jun 4 18,de_inferno
"['Farquaad Squad', 'The Spectrum']",Jun 15 18,de_inferno
"['Farquaad Squad', 'Flipping table crew']",Jun 18 18,de_cache
"['Farquaad Squad', 'Mediocre Team']",Jun 21 18,de_mirage
"['Farquaad Squad', 'Lasgana Boys']",Jun 25 18,de_dust2
"['Farquaad Squad', 'Poseidon eSports NA']",Jul 1 18,de_cache
"['Farquaad Squad', 'LeTrainTiltant']",Jul 1 18,de_cache
"['Farquaad Squad', 'W E E B B U S T E...']",Jul 4 18,de_mirage
"['Erupt  eSports', 'Farquaad Squad']",Jul 13 18,de_overpass
"['Farquaad Squad', 'Shot eSports']",Jul 13 18,de_cache
"['BLACKPINK', 'Northeastern-U RED']",Jun 1 18,de_cache
"['BLACKPINK', 'hitbox-']",Jun 4 18,de_inferno
"['BLACKPINK', 'W E E B B U S T E...']",Jun 18 18,de_mirage
"['BLACKPINK', 'The Spectrum']",Jun 25 18,de_mirage
"['BLACKPINK', 'HOT BOY SQUAD']",Jun 27 18,de_dust2
"['BLACKPINK', 'United Bangers']",Jun 28 18,de_inferno
"['BLACKPINK', 'Visionary - eSports']",Jul 4 18,de_dust2
"['BLACKPINK', 'Rigolo Raisin']",Jul 9 18,de_inferno
"['BLACKPINK', 'Silent Empire']",Jul 11 18,de_mirage
"['BLACKPINK', 'Lasgana Boys']",Jul 16 18,de_dust2
"['BLACKPINK', 'Skeet Skeet Water...']",Jul 18 18,de_mirage
"['Lasgana Boys', 'Rigolo Raisin']",Jun 13 18,de_inferno
"['EWOKGODSQUAD', 'Lasgana Boys']",Jun 29 18,de_overpass
"['Lasgana Boys', 'PHENOM REBORN ASC...']",Jul 4 18,de_cache
"['Lasgana Boys', 'Mediocre Team']",Jul 4 18,de_train
"['Erupt  eSports', 'Lasgana Boys']",Jul 9 18,de_mirage
"['Lasgana Boys', 'The Burger People']",Jul 11 18,de_cache
"['Feels IM Man', 'Team Mutinous']",May 25 18,de_mirage
"['Feels IM Man', 'W E E B B U S T E...']",Jun 4 18,de_mirage
"['Feels IM Man', 'Wikkid Esports']",Jun 6 18,de_inferno
"['Aranea', 'Feels IM Man']",Jun 11 18,de_cache
"['Feels IM Man', 'Malice Gaming']",Jun 13 18,de_inferno
"['Feels IM Man', 'LeTrainTiltant']",Jun 22 18,de_inferno
"['Electric Pistols', 'Feels IM Man']",Jun 29 18,de_cache
"['Feels IM Man', 'Northeastern-U RED']",Jul 6 18,de_cache
"['Rigolo Raisin', 'Victims of the Ti...']",May 23 18,de_inferno
"['Poseidon eSports NA', 'Victims of the Ti...']",Jun 1 18,de_dust2
"['Victims of the Ti...', 'survivor']",Jun 6 18,de_inferno
"['Victims of the Ti...', 'someone say one deag']",Jun 11 18,de_dust2
"['2 Pound Sandwich', 'Victims of the Ti...']",Jun 18 18,de_dust2
"['Erupt  eSports', 'Victims of the Ti...']",Jun 20 18,de_inferno
"['The Burger People', 'Victims of the Ti...']",Jun 25 18,de_inferno
"['Clam Shack Clapba...', 'Victims of the Ti...']",Jul 13 18,Pending Veto
"['The Bastards', 'W E E B B U S T E...']",May 24 18,de_train
"['Brokeback Mountain', 'W E E B B U S T E...']",May 25 18,de_mirage
"['United Bangers', 'W E E B B U S T E...']",Jun 7 18,de_cache
"['Constant Rage', 'W E E B B U S T E...']",Jun 7 18,de_inferno
"['Mediocre Team', 'W E E B B U S T E...']",Jun 13 18,de_mirage
"['Poseidon eSports NA', 'W E E B B U S T E...']",Jun 23 18,de_inferno
"['Daddies Get Baddies', 'W E E B B U S T E...']",Jun 29 18,de_cache
"['LeTrainTiltant', 'W E E B B U S T E...']",Jul 9 18,de_cache
"['Mediocre Team', 'MoZZY']",Jun 18 18,de_cache
"['MoZZY', 'The Part Time Pop...']",Jun 25 18,de_cache
"['MoZZY', 'Visionary - eSports']",Jun 25 18,de_mirage
"['MoZZY', 'The Spectrum']",Jun 26 18,de_mirage
"['Flipping table crew', 'MoZZY']",Jul 2 18,de_inferno
"['MoZZY', 'yikeszzz']",Jul 9 18,de_overpass
"['MoZZY', 'The Burger People']",Jul 9 18,de_inferno
"['MoZZY', 'Wikkid Esports']",Jul 12 18,de_cache
"['MoZZY', 'PHENOM REBORN ASC...']",Jul 16 18,de_mirage
"['Skeet Skeet Water...', 'what we do']",May 23 18,de_dust2
"['Bloom eSports', 'Skeet Skeet Water...']",May 30 18,de_inferno
"['Erupt  eSports', 'Skeet Skeet Water...']",Jun 6 18,de_cache
"['Malice Gaming', 'Skeet Skeet Water...']",Jun 11 18,de_inferno
"['Daddies Get Baddies', 'Skeet Skeet Water...']",Jun 13 18,de_inferno
"['ExPURE', 'fortnite gawdz']",May 25 18,de_train
"['ExPURE', 'The Spectrum']",Jun 7 18,de_inferno
"['Bloom eSports', 'ExPURE']",Jun 11 18,Pending Veto
"['ExPURE', 'hitbox-']",Jun 14 18,de_overpass
"['ExPURE', 'LeTrainTiltant']",Jun 18 18,de_dust2
"['PHENOM REBORN ASC...', 'Zero Chemistry']",Jun 8 18,de_cache
"['Flipping table crew', 'Zero Chemistry']",Jun 13 18,de_dust2
"['VIRGIN ESPORTS', 'Zero Chemistry']",Jun 20 18,de_cache
"['Zero Chemistry', 'survivor']",Jun 21 18,de_cache
"['Shot eSports', 'Zero Chemistry']",Jun 27 18,de_mirage
"['Dead Presidents', 'Zero Chemistry']",Jun 28 18,de_cache
"['Team Wisdom', 'Zero Chemistry']",Jul 13 18,de_train
"['Electric Pistols', 'United Bangers']",May 27 18,de_cache
"['Animus Gaming', 'Electric Pistols']",May 31 18,de_dust2
"['Electric Pistols', 'Phat Brain']",Jun 8 18,de_inferno
"['Electric Pistols', 'PHENOM REBORN ASC...']",Jun 28 18,de_inferno
"['Electric Pistols', 'Erupt  eSports']",Jul 6 18,de_cache
"['Aranea', 'Electric Pistols']",Jul 11 18,de_inferno
"['Electric Pistols', 'Northeastern-U RED']",Jul 12 18,de_cache
"['Aranea', 'Team Wisdom']",May 24 18,de_mirage
"['Aranea', 'Poseidon eSports NA']",Jun 4 18,de_inferno
"['Aranea', 'Bloom eSports']",Jun 5 18,Pending Veto
"['Aranea', 'Brokeback Mountain']",Jun 13 18,de_inferno
"['Aranea', 'Visionary - eSports']",Jun 22 18,de_mirage
"['Animus Gaming', 'Aranea']",Jun 25 18,de_cache
"['Aranea', 'Wikkid Esports']",Jun 29 18,de_overpass
"['Aranea', 'Malice Gaming']",Jul 2 18,de_mirage
"['Aranea', 'Dead Presidents']",Jul 6 18,de_overpass
"['Aranea', 'Phat Brain']",Jul 13 18,de_mirage
"['Five Kings', 'hitbox-']",May 28 18,de_inferno
"['Brokeback Mountain', 'Five Kings']",Jun 4 18,de_mirage
"['Five Kings', 'yikeszzz']",Jun 7 18,de_dust2
"['EWOKGODSQUAD', 'Five Kings']",Jun 7 18,de_mirage
"['Aqua Vitae', 'Five Kings']",Jun 13 18,de_cache
"['Five Kings', 'Prison Sex']",Jun 27 18,de_cache
"['Five Kings', 'Visionary - eSports']",Jul 2 18,de_inferno
"['Five Kings', 'The Spectrum']",Jul 3 18,de_mirage
"['Dead Presidents', 'Five Kings']",Jul 9 18,de_cache
"['Five Kings', 'Mediocre Team']",Jul 12 18,de_cache
"['Five Kings', 'what we do']",Jul 13 18,de_mirage
"['Mobility-Gaming', 'PONY']",May 25 18,de_dust2
"['Mobility-Gaming', 'survivor']",Jun 4 18,de_train
"['Brokeback Mountain', 'Mobility-Gaming']",Jun 6 18,de_train
"['Aqua Vitae', 'Mobility-Gaming']",Jun 11 18,de_dust2
"['Erupt  eSports', 'Mobility-Gaming']",Jun 18 18,de_mirage
"['Mobility-Gaming', 'Team Wisdom']",Jul 9 18,de_mirage
"['Mobility-Gaming', 'hitbox-']",Jul 18 18,de_inferno
"['Shot eSports', 'Wikkid Esports']",May 28 18,de_mirage
"['Erupt  eSports', 'Wikkid Esports']",Jun 4 18,de_mirage
"['EWOKGODSQUAD', 'Wikkid Esports']",Jun 15 18,de_cache
"['VIRGIN ESPORTS', 'Wikkid Esports']",Jun 18 18,de_cache
"['Wikkid Esports', 'survivor']",Jun 22 18,de_nuke
"['Aqua Vitae', 'Wikkid Esports']",Jun 23 18,Pending Veto
"['2 Pound Sandwich', 'Wikkid Esports']",Jun 28 18,de_cache
"['HOT BOY SQUAD', 'Wikkid Esports']",Jul 3 18,de_mirage
"['PONY', 'Wikkid Esports']",Jul 9 18,de_nuke
"['Daddies Get Baddies', 'Wikkid Esports']",Jul 11 18,de_overpass
"['2 Pound Sandwich', 'The Spectrum']",May 25 18,de_inferno
"['2 Pound Sandwich', 'United Bangers']",Jun 1 18,de_cache
"['2 Pound Sandwich', 'hitbox-']",Jun 11 18,de_overpass
"['2 Pound Sandwich', 'PHENOM REBORN ASC...']",Jun 17 18,de_overpass
"['2 Pound Sandwich', 'The Bastards']",Jun 20 18,de_cache
"['2 Pound Sandwich', 'Rigolo Raisin']",Jun 25 18,de_train
"['2 Pound Sandwich', 'Malice Gaming']",Jun 27 18,de_mirage
"['2 Pound Sandwich', 'Silent Empire']",Jul 4 18,de_inferno
"['2 Pound Sandwich', 'Daddies Get Baddies']",Jul 15 18,de_cache
"['2 Pound Sandwich', 'what we do']",Jul 16 18,de_nuke
"['Northeastern-U RED', 'Shot eSports']",May 25 18,de_cache
"['Erupt  eSports', 'Northeastern-U RED']",May 28 18,de_dust2
"['Northeastern-U RED', 'Team Mutinous']",Jun 5 18,de_dust2
"['Northeastern-U RED', 'The Spectrum']",Jun 8 18,de_inferno
"['Northeastern-U RED', 'Team Wisdom']",Jun 22 18,de_inferno
"['Northeastern-U RED', 'Phat Brain']",Jul 7 18,de_cache
"['Northeastern-U RED', 'Poseidon eSports NA']",Jul 13 18,de_inferno
"['Aqua Vitae', 'Clam Shack Clapba...']",May 24 18,de_inferno
"['Clam Shack Clapba...', 'The Bastards']",Jun 8 18,de_nuke
"['Clam Shack Clapba...', 'LeTrainTiltant']",Jun 10 18,de_overpass
"['Daddies Get Baddies', 'LeTrainTiltant']",May 24 18,de_inferno
"['LeTrainTiltant', 'The Spectrum']",May 28 18,de_inferno
"['EWOKGODSQUAD', 'LeTrainTiltant']",May 31 18,de_inferno
"['LeTrainTiltant', 'Zealous-GG']",Jun 27 18,de_train
"['Phat Brain', 'The Part Time Pop...']",May 28 18,de_overpass
"['The Part Time Pop...', 'Visionary - eSports']",Jun 5 18,de_mirage
"['The Part Time Pop...', 'fortnite gawdz']",Jun 14 18,de_nuke
"['The Part Time Pop...', 'someone say one deag']",Jun 24 18,de_dust2
"['Flipping table crew', 'The Part Time Pop...']",Jun 26 18,de_train
"['Constant Rage', 'The Part Time Pop...']",Jun 27 18,de_train
"['Malice Gaming', 'The Part Time Pop...']",Jul 9 18,de_dust2
"['The Part Time Pop...', 'The Spectrum']",Jul 12 18,de_overpass
"['The Part Time Pop...', 'yikeszzz']",Jul 16 18,de_inferno
"['Mediocre Team', 'Zealous-GG']",May 22 18,de_dust2
"['Mediocre Team', 'Poseidon eSports NA']",May 25 18,de_cache
"['Malice Gaming', 'Mediocre Team']",May 31 18,de_inferno
"['Mediocre Team', 'Silent Empire']",Jun 27 18,de_mirage
"['Mediocre Team', 'what we do']",Jul 6 18,de_cache
"['Malice Gaming', 'Poseidon eSports NA']",Jun 15 18,de_cache
"['Poseidon eSports NA', 'Zealous-GG']",Jun 22 18,de_overpass
"['Daddies Get Baddies', 'Poseidon eSports NA']",Jun 30 18,de_inferno
"['Erupt  eSports', 'Poseidon eSports NA']",Jul 16 18,de_cache
"['EWOKGODSQUAD', 'Silent Empire']",May 25 18,de_cache
"['Bloom eSports', 'EWOKGODSQUAD']",Jun 1 18,de_cache
"['Dead Presidents', 'EWOKGODSQUAD']",Jun 18 18,de_train
"['Aqua Vitae', 'EWOKGODSQUAD']",Jun 22 18,de_train
"['EWOKGODSQUAD', 'Shot eSports']",Jul 6 18,de_cache
"['EWOKGODSQUAD', 'The Bastards']",Jul 9 18,de_dust2
"['EWOKGODSQUAD', 'PHENOM REBORN ASC...']",Jul 12 18,de_cache
"['EWOKGODSQUAD', 'The Burger People']",Jul 16 18,de_inferno
"['The Bastards', 'The Burger People']",May 25 18,de_cache
"['PONY', 'The Bastards']",Jun 13 18,de_inferno
"['The Bastards', 'what we do']",Jun 25 18,de_cache
"['Shot eSports', 'The Bastards']",Jun 29 18,de_mirage
"['The Bastards', 'Visionary - eSports']",Jul 2 18,de_inferno
"['The Bastards', 'Zealous-GG']",Jul 6 18,de_inferno
"['The Bastards', 'The Spectrum']",Jul 13 18,de_dust2
"['Daddies Get Baddies', 'what we do']",May 27 18,de_inferno
"['Daddies Get Baddies', 'Rigolo Raisin']",Jun 1 18,de_overpass
"['Daddies Get Baddies', 'Zealous-GG']",Jun 14 18,de_train
"['Daddies Get Baddies', 'Phat Brain']",Jun 25 18,de_dust2
"['Daddies Get Baddies', 'PONY']",Jul 3 18,de_dust2
"['Daddies Get Baddies', 'Silent Empire']",Jul 7 18,de_overpass
"['Erupt  eSports', 'HOT BOY SQUAD']",May 25 18,de_inferno
"['Erupt  eSports', 'Shot eSports']",May 30 18,de_train
"['Erupt  eSports', 'Silent Empire']",Jun 24 18,de_cache
"['Erupt  eSports', 'Zealous-GG']",Jun 29 18,de_cache
"['Flipping table crew', 'yikeszzz']",May 28 18,de_cache
"['Flipping table crew', 'Team Mutinous']",May 31 18,de_train
"['Flipping table crew', 'Visionary - eSports']",Jun 11 18,de_cache
"['Brokeback Mountain', 'Flipping table crew']",Jun 25 18,de_inferno
"['Flipping table crew', 'Prison Sex']",Jul 6 18,de_mirage
"['Flipping table crew', 'fortnite gawdz']",Jul 9 18,de_overpass
"['Dead Presidents', 'Flipping table crew']",Jul 10 18,de_overpass
"['Aqua Vitae', 'The Burger People']",Jun 1 18,de_overpass
"['The Burger People', 'someone say one deag']",Jun 7 18,de_overpass
"['Dead Presidents', 'The Burger People']",Jun 8 18,de_nuke
"['The Burger People', 'what we do']",Jul 2 18,de_train
"['Shot eSports', 'The Burger People']",Jul 9 18,de_train
"['Prison Sex', 'fortnite gawdz']",May 31 18,de_train
"['Brokeback Mountain', 'Prison Sex']",Jul 9 18,de_mirage
"['HOT BOY SQUAD', 'Prison Sex']",Jul 11 18,de_dust2
"['Prison Sex', 'United Bangers']",Jul 13 18,de_mirage
"['Prison Sex', 'Team Wisdom']",Jul 16 18,de_mirage
"['Brokeback Mountain', 'VIRGIN ESPORTS']",May 29 18,de_inferno
"['Brokeback Mountain', 'PHENOM REBORN ASC...']",Jun 11 18,de_mirage
"['Animus Gaming', 'Brokeback Mountain']",Jun 24 18,de_dust2
"['Brokeback Mountain', 'fortnite gawdz']",Jun 28 18,de_mirage
"['Brokeback Mountain', 'The Spectrum']",Jun 28 18,de_cache
"['Brokeback Mountain', 'United Bangers']",Jul 6 18,de_train
"['Brokeback Mountain', 'Malice Gaming']",Jul 13 18,de_inferno
"['Brokeback Mountain', 'HOT BOY SQUAD']",Jul 13 18,de_dust2
"['Aqua Vitae', 'United Bangers']",May 28 18,de_inferno
"['United Bangers', 'hitbox-']",May 31 18,de_overpass
"['Constant Rage', 'United Bangers']",Jun 29 18,de_cache
"['Animus Gaming', 'United Bangers']",Jul 9 18,de_overpass
"['United Bangers', 'fortnite gawdz']",Jul 12 18,de_mirage
"['Dead Presidents', 'PONY']",Jun 6 18,de_inferno
"['Constant Rage', 'PONY']",Jun 11 18,de_inferno
"['HOT BOY SQUAD', 'PONY']",Jun 18 18,de_mirage
"['PONY', 'what we do']",Jun 20 18,de_train
"['Malice Gaming', 'PONY']",Jun 25 18,de_dust2
"['PONY', 'Rigolo Raisin']",Jul 11 18,de_overpass
"['PONY', 'Zealous-GG']",Jul 16 18,de_overpass
"['Malice Gaming', 'hitbox-']",Jun 7 18,de_inferno
"['Phat Brain', 'someone say one deag']",May 23 18,de_inferno
"['Noble xD', 'Phat Brain']",May 30 18,de_dust2
"['Phat Brain', 'Team Wisdom']",Jun 4 18,de_mirage
"['Phat Brain', 'Shot eSports']",Jul 11 18,de_cache
"['Rigolo Raisin', 'Visionary - eSports']",May 28 18,de_inferno
"['Rigolo Raisin', 'Team Wisdom']",Jun 6 18,de_inferno
"['Rigolo Raisin', 'fortnite gawdz']",Jun 11 18,de_overpass
"['Rigolo Raisin', 'yikeszzz']",Jul 2 18,de_overpass
"['Dead Presidents', 'Rigolo Raisin']",Jul 12 18,de_train
"['Dead Presidents', 'Zealous-GG']",May 31 18,de_inferno
"['Zealous-GG', 'yikeszzz']",Jul 15 18,de_cache
"['The Spectrum', 'Visionary - eSports']",May 30 18,de_mirage
"['The Spectrum', 'yikeszzz']",Jun 14 18,de_dust2
"['The Spectrum', 'fortnite gawdz']",Jun 21 18,de_nuke
"['HOT BOY SQUAD', 'The Spectrum']",Jul 6 18,de_dust2
"['Animus Gaming', 'Silent Empire']",May 24 18,de_cache
"['Silent Empire', 'what we do']",Jun 4 18,de_train
"['Silent Empire', 'VIRGIN ESPORTS']",Jun 10 18,de_mirage
"['Silent Empire', 'Team Wisdom']",Jun 13 18,de_mirage
"['PHENOM REBORN ASC...', 'survivor']",May 28 18,de_mirage
"['PHENOM REBORN ASC...', 'someone say one deag']",May 30 18,de_inferno
"['HOT BOY SQUAD', 'Malice Gaming']",May 24 18,de_cache
"['Dead Presidents', 'Malice Gaming']",Jun 20 18,de_cache
"['Malice Gaming', 'Visionary - eSports']",Jul 6 18,de_mirage
"['Malice Gaming', 'fortnite gawdz']",Jul 16 18,de_cache
"['Dead Presidents', 'yikeszzz']",May 26 18,de_cache
"['HOT BOY SQUAD', 'yikeszzz']",Jun 21 18,de_inferno
"['Constant Rage', 'yikeszzz']",Jun 22 18,de_overpass
"['Dead Presidents', 'Team Wisdom']",May 28 18,de_train
"['HOT BOY SQUAD', 'Noble xD']",Jun 4 18,de_nuke
"['HOT BOY SQUAD', 'what we do']",Jun 5 18,de_nuke
"['Animus Gaming', 'HOT BOY SQUAD']",Jun 11 18,de_dust2
"['HOT BOY SQUAD', 'fortnite gawdz']",Jul 16 18,de_inferno
"['Shot eSports', 'what we do']",Jun 9 18,de_nuke
"['Animus Gaming', 'what we do']",Jun 16 18,de_dust2
"['fortnite gawdz', 'what we do']",Jun 18 18,de_nuke
"['Dead Presidents', 'VIRGIN ESPORTS']",Jun 14 18,de_inferno
"['someone say one deag', 'survivor']",Jun 13 18,de_cache
"['Aqua Vitae', 'survivor']",Jun 15 18,de_cache
"['Constant Rage', 'Visionary - eSports']",May 31 18,de_mirage
"['Noble xD', 'Visionary - eSports']",Jun 13 18,de_mirage
"['Animus Gaming', 'Visionary - eSports']",Jun 17 18,de_mirage
"['VIRGIN ESPORTS', 'fortnite gawdz']",Jun 29 18,de_cache
"['Animus Gaming', 'fortnite gawdz']",Jul 4 18,de_mirage
"['Constant Rage', 'VIRGIN ESPORTS']",May 24 18,de_inferno
"['Constant Rage', 'Shot eSports']",Jun 22 18,de_train
"['Animus Gaming', 'VIRGIN ESPORTS']",Jun 27 18,de_overpass
"['Aqua Vitae', 'Shot eSports']",Jun 2 18,de_mirage
"['Noble xD', 'Shot eSports']",Jun 6 18,de_mirage
